-- MySQL dump 10.13  Distrib 8.0.22, for Win64 (x86_64)
--
-- Host: localhost    Database: music
-- ------------------------------------------------------
-- Server version	8.0.22

/*!40101 SET @OLD_CHARACTER_SET_CLIENT=@@CHARACTER_SET_CLIENT */;
/*!40101 SET @OLD_CHARACTER_SET_RESULTS=@@CHARACTER_SET_RESULTS */;
/*!40101 SET @OLD_COLLATION_CONNECTION=@@COLLATION_CONNECTION */;
/*!50503 SET NAMES utf8 */;
/*!40103 SET @OLD_TIME_ZONE=@@TIME_ZONE */;
/*!40103 SET TIME_ZONE='+00:00' */;
/*!40014 SET @OLD_UNIQUE_CHECKS=@@UNIQUE_CHECKS, UNIQUE_CHECKS=0 */;
/*!40014 SET @OLD_FOREIGN_KEY_CHECKS=@@FOREIGN_KEY_CHECKS, FOREIGN_KEY_CHECKS=0 */;
/*!40101 SET @OLD_SQL_MODE=@@SQL_MODE, SQL_MODE='NO_AUTO_VALUE_ON_ZERO' */;
/*!40111 SET @OLD_SQL_NOTES=@@SQL_NOTES, SQL_NOTES=0 */;

--
-- Table structure for table `albums`
--

DROP TABLE IF EXISTS `albums`;
/*!40101 SET @saved_cs_client     = @@character_set_client */;
/*!50503 SET character_set_client = utf8mb4 */;
CREATE TABLE `albums` (
  `album_id` int unsigned NOT NULL AUTO_INCREMENT COMMENT 'Идентификатор',
  `title` varchar(500) NOT NULL COMMENT 'Наименование',
  `year` year DEFAULT NULL COMMENT 'Год выпуска',
  `image_url` varchar(255) DEFAULT NULL COMMENT 'Ссылка на файл обложки альбома',
  `url` varchar(255) DEFAULT NULL COMMENT 'Ссылка на альбом',
  PRIMARY KEY (`album_id`)
) ENGINE=InnoDB AUTO_INCREMENT=56 DEFAULT CHARSET=utf8mb4 COLLATE=utf8mb4_0900_ai_ci COMMENT='Данные по альбомам';
/*!40101 SET character_set_client = @saved_cs_client */;

--
-- Dumping data for table `albums`
--

LOCK TABLES `albums` WRITE;
/*!40000 ALTER TABLE `albums` DISABLE KEYS */;
INSERT INTO `albums` VALUES (1,'Home Session',NULL,NULL,NULL),(2,'Finger in the Pie',NULL,NULL,NULL),(3,'Firkinful Of Beer',NULL,NULL,NULL),(4,'Into the Night',NULL,NULL,NULL),(5,'Igyunk palinkat!',NULL,NULL,NULL),(6,'Bressagio',NULL,NULL,NULL),(7,'Bon Voyage',NULL,NULL,NULL),(8,'As de Cors',NULL,NULL,NULL),(9,'The Sound of Jacqueline Du Pre',NULL,NULL,NULL),(10,'Too Mean to Die',NULL,NULL,NULL),(11,'Classical Best Saint-Saens',NULL,NULL,NULL),(12,'Stay at Home with Saint-Saens',NULL,NULL,NULL),(13,'Saint-Saens: The Carnival of the Animals / Meschwitz: Tier-Gebete / Ridout: Little Sad Sound',NULL,NULL,NULL),(14,'Сен-Санс: Карнавал животных',NULL,NULL,NULL),(15,'Leonard Pennario Plays His Virtuoso Favorites',NULL,NULL,NULL),(16,'Ференц Лист: 2 сонаты для двух фортепиано',NULL,NULL,NULL),(17,'The Heart of the Cello',NULL,NULL,NULL),(18,'A Calendar Of Classics - A 12 CD Set Of Romantic Classics For Every Month Of The Year',NULL,NULL,NULL),(19,'Золотая коллекция: 100 лучших произведений классической музыки',NULL,NULL,NULL),(20,'Dvorak/Saint-Saens: Chamber Works',NULL,NULL,NULL),(21,'Relaxing Classics',NULL,NULL,NULL),(22,'Лучшая классика',NULL,NULL,NULL),(23,'Классическая музыка для души',NULL,NULL,NULL),(24,'\"The Opera Gala - Live from Baden-Baden\"\"\"',NULL,NULL,NULL),(25,'The Legend',NULL,NULL,NULL),(26,'Daniel Barenboim & Orchestre de Paris',NULL,NULL,NULL),(27,'Till We Meet Again / La montre, la croix & la maniere / Just the Way You Are',NULL,NULL,NULL),(28,'Давид Ойстрах. Коллекция',NULL,NULL,NULL),(29,'Classical Study Music',NULL,NULL,NULL),(30,'3 Originals',NULL,NULL,NULL),(31,'Dances and Visions',NULL,NULL,NULL),(32,'Высоцкий 80',NULL,NULL,NULL),(33,'Владимир Высоцкий: Избранное',NULL,NULL,NULL),(34,'Новый звук',NULL,NULL,NULL),(35,'Владимир Высоцкий в записях Михаила Шемякина. Часть 7',NULL,NULL,NULL),(36,'23 песни о лётчиках и небе',NULL,NULL,NULL),(37,'Владимир Высоцкий в записях Михаила Шемякина. Часть 4',NULL,NULL,NULL),(38,'Izbrannoye',NULL,NULL,NULL),(39,'Я родом из детства (Весь Высоцкий. Том 17)',NULL,NULL,NULL),(40,'Российские барды. Владимир Высоцкий. Часть 2',NULL,NULL,NULL),(41,'Владимир Высоцкий в записях Михаила Шемякина. Часть 2',NULL,NULL,NULL),(42,'Lyrical',NULL,NULL,NULL),(43,'Алиса в стране чудес',NULL,NULL,NULL),(44,'День России!',NULL,NULL,NULL),(45,'Just for Today',NULL,NULL,NULL),(46,'Blues Union',NULL,NULL,NULL),(47,'Eye to Eye',NULL,NULL,NULL),(48,'Still River',NULL,NULL,NULL),(49,'Maxwell Street',NULL,NULL,NULL),(50,'The Blues',NULL,NULL,NULL),(51,'The Glass',NULL,NULL,NULL),(52,'Peace Of Mind',NULL,NULL,NULL),(53,'Heart Of Gold',NULL,NULL,NULL),(54,'Beyond the Blue Door',NULL,NULL,NULL),(55,'Heart Attack',NULL,NULL,NULL);
/*!40000 ALTER TABLE `albums` ENABLE KEYS */;
UNLOCK TABLES;

--
-- Table structure for table `artists`
--

DROP TABLE IF EXISTS `artists`;
/*!40101 SET @saved_cs_client     = @@character_set_client */;
/*!50503 SET character_set_client = utf8mb4 */;
CREATE TABLE `artists` (
  `artist_id` int unsigned NOT NULL AUTO_INCREMENT,
  `name` varchar(245) NOT NULL,
  `url` varchar(255) DEFAULT NULL,
  PRIMARY KEY (`artist_id`)
) ENGINE=InnoDB AUTO_INCREMENT=5 DEFAULT CHARSET=utf8mb4 COLLATE=utf8mb4_0900_ai_ci;
/*!40101 SET character_set_client = @saved_cs_client */;

--
-- Dumping data for table `artists`
--

LOCK TABLES `artists` WRITE;
/*!40000 ALTER TABLE `artists` DISABLE KEYS */;
INSERT INTO `artists` VALUES (1,'Firkin',NULL),(2,'Камиль Сен-Санс',NULL),(3,'Владимир Высоцкий',NULL),(4,'Ronnie Earl',NULL);
/*!40000 ALTER TABLE `artists` ENABLE KEYS */;
UNLOCK TABLES;

--
-- Table structure for table `genres`
--

DROP TABLE IF EXISTS `genres`;
/*!40101 SET @saved_cs_client     = @@character_set_client */;
/*!50503 SET character_set_client = utf8mb4 */;
CREATE TABLE `genres` (
  `genre_id` int unsigned NOT NULL AUTO_INCREMENT,
  `title` varchar(245) NOT NULL,
  PRIMARY KEY (`genre_id`)
) ENGINE=InnoDB AUTO_INCREMENT=11 DEFAULT CHARSET=utf8mb4 COLLATE=utf8mb4_0900_ai_ci;
/*!40101 SET character_set_client = @saved_cs_client */;

--
-- Dumping data for table `genres`
--

LOCK TABLES `genres` WRITE;
/*!40000 ALTER TABLE `genres` DISABLE KEYS */;
INSERT INTO `genres` VALUES (1,'Классическая музыка'),(2,'Блюз'),(3,'Рок'),(4,'Джаз'),(5,'Авторская песня'),(6,'Фолк-рок'),(7,'Метал'),(8,'Панк'),(9,'Кантри'),(10,'Нео-классика');
/*!40000 ALTER TABLE `genres` ENABLE KEYS */;
UNLOCK TABLES;

--
-- Table structure for table `history`
--

DROP TABLE IF EXISTS `history`;
/*!40101 SET @saved_cs_client     = @@character_set_client */;
/*!50503 SET character_set_client = utf8mb4 */;
CREATE TABLE `history` (
  `history_id` int unsigned NOT NULL AUTO_INCREMENT,
  `track_id` int unsigned NOT NULL,
  `user_id` int unsigned NOT NULL,
  `heared_at` datetime DEFAULT NULL COMMENT 'Время прослушивания',
  PRIMARY KEY (`history_id`),
  KEY `fk_history_tracks_idx` (`track_id`),
  KEY `fk_history_users_idx` (`user_id`),
  CONSTRAINT `fk_history_tracks` FOREIGN KEY (`track_id`) REFERENCES `tracks` (`track_id`),
  CONSTRAINT `fk_history_users` FOREIGN KEY (`user_id`) REFERENCES `profiles` (`user_id`) ON DELETE CASCADE ON UPDATE CASCADE
) ENGINE=InnoDB AUTO_INCREMENT=2001 DEFAULT CHARSET=utf8mb4 COLLATE=utf8mb4_0900_ai_ci;
/*!40101 SET character_set_client = @saved_cs_client */;

--
-- Dumping data for table `history`
--

LOCK TABLES `history` WRITE;
/*!40000 ALTER TABLE `history` DISABLE KEYS */;
INSERT INTO `history` VALUES (1,88,8,'2020-05-19 11:44:09'),(2,157,49,'2021-02-02 03:15:18'),(3,44,24,'2017-03-09 14:10:44'),(4,63,11,'2019-02-15 22:14:27'),(5,110,12,'2016-12-14 05:46:39'),(6,114,55,'2017-12-14 19:16:36'),(7,39,78,'2017-09-08 16:09:39'),(8,14,12,'2019-04-02 08:05:09'),(9,100,61,'2016-01-27 01:03:28'),(10,128,65,'2019-01-24 14:08:31'),(11,133,42,'2019-12-30 04:38:49'),(12,7,2,'2015-08-30 13:55:13'),(13,22,77,'2020-09-05 16:46:17'),(14,121,94,'2017-07-06 03:12:25'),(15,34,55,'2016-01-30 22:49:54'),(16,73,38,'2018-06-10 17:38:53'),(17,32,28,'2016-11-04 04:51:24'),(18,103,29,'2019-06-18 04:26:58'),(19,133,59,'2019-08-28 16:47:17'),(20,71,84,'2018-09-05 07:42:12'),(21,28,31,'2019-02-03 21:15:47'),(22,131,21,'2018-03-17 20:18:56'),(23,51,63,'2018-06-08 22:54:02'),(24,75,97,'2016-05-01 14:39:59'),(25,95,66,'2016-12-02 13:44:31'),(26,104,99,'2020-04-12 09:49:14'),(27,84,12,'2017-08-16 16:59:17'),(28,117,71,'2017-11-07 16:35:24'),(30,55,73,'2021-01-21 17:05:46'),(31,62,80,'2018-09-21 20:49:18'),(32,37,1,'2021-01-03 13:55:49'),(33,20,90,'2015-11-11 16:17:54'),(34,8,13,'2018-08-22 00:48:40'),(35,65,33,'2018-06-29 12:16:17'),(36,131,46,'2021-03-20 20:02:06'),(37,84,92,'2017-08-07 00:28:18'),(38,147,20,'2020-10-19 23:21:49'),(39,138,92,'2018-03-15 04:30:51'),(40,157,3,'2019-03-03 09:35:29'),(41,140,87,'2020-01-06 19:31:32'),(42,8,46,'2015-06-16 05:57:50'),(43,34,66,'2019-08-03 04:21:15'),(44,40,79,'2018-07-22 12:59:24'),(45,143,7,'2018-09-09 12:59:53'),(46,18,31,'2016-07-23 11:07:53'),(47,138,42,'2017-04-18 01:46:27'),(48,106,86,'2015-07-29 08:35:14'),(49,96,1,'2016-07-19 22:43:29'),(50,107,3,'2020-09-13 00:58:20'),(51,84,15,'2020-11-03 17:47:52'),(52,19,73,'2020-11-19 23:10:59'),(53,29,50,'2020-09-06 23:38:01'),(54,9,79,'2019-07-16 09:43:46'),(55,145,10,'2020-04-23 10:51:25'),(56,143,77,'2015-10-27 10:12:25'),(57,74,77,'2020-07-11 03:34:32'),(58,138,4,'2016-04-05 20:22:02'),(59,32,58,'2016-03-12 04:13:14'),(60,62,47,'2016-11-09 17:06:44'),(61,83,73,'2020-05-19 10:00:37'),(62,99,1,'2018-04-27 07:49:32'),(63,114,84,'2021-01-07 18:12:30'),(64,75,63,'2017-02-17 04:40:33'),(65,55,27,'2019-01-21 01:51:53'),(66,22,17,'2016-10-07 04:24:27'),(67,55,72,'2017-03-27 01:33:13'),(68,88,2,'2020-07-18 03:39:24'),(69,11,85,'2018-01-03 22:43:59'),(70,51,94,'2018-12-23 15:48:24'),(71,79,83,'2019-08-21 19:56:40'),(72,86,8,'2020-01-13 13:24:49'),(73,138,34,'2020-01-13 16:20:43'),(74,63,68,'2018-11-06 02:35:50'),(75,6,15,'2018-10-21 21:03:38'),(76,103,23,'2016-04-06 10:37:18'),(77,58,76,'2015-06-20 23:02:17'),(78,67,28,'2019-02-12 20:26:12'),(79,129,52,'2016-03-03 18:10:45'),(80,105,30,'2019-12-19 14:41:51'),(81,115,100,'2018-04-21 04:03:38'),(82,27,22,'2016-04-15 09:19:15'),(83,129,30,'2017-02-05 19:31:59'),(84,44,97,'2015-05-31 06:48:52'),(85,7,54,'2016-04-29 08:35:00'),(86,45,32,'2020-01-26 07:35:03'),(87,41,24,'2018-05-09 21:16:53'),(88,46,10,'2016-03-26 20:45:57'),(89,104,28,'2016-09-05 01:05:44'),(90,37,53,'2019-05-13 00:17:27'),(91,146,76,'2019-08-28 07:16:44'),(92,53,7,'2018-12-20 20:37:57'),(93,120,23,'2020-07-21 18:26:14'),(94,53,51,'2018-09-30 15:23:56'),(95,95,23,'2016-09-29 06:47:39'),(96,81,41,'2018-01-18 20:53:07'),(97,150,91,'2018-10-16 21:09:16'),(98,150,80,'2018-08-03 04:13:39'),(99,124,37,'2015-05-04 14:47:05'),(100,113,84,'2017-05-23 22:21:10'),(101,157,93,'2019-09-23 04:31:11'),(102,52,14,'2019-05-03 12:39:05'),(103,5,91,'2016-04-11 10:48:32'),(104,134,2,'2019-11-04 01:12:04'),(105,20,31,'2017-05-12 06:41:24'),(106,116,47,'2017-11-06 14:57:26'),(107,123,5,'2015-12-10 15:49:36'),(108,141,55,'2016-09-21 19:22:21'),(109,146,67,'2020-06-21 10:29:36'),(110,156,14,'2019-03-05 03:27:35'),(111,44,30,'2019-02-14 18:55:48'),(112,33,69,'2016-11-14 21:22:56'),(113,78,63,'2017-07-24 11:13:54'),(114,28,32,'2015-12-20 01:07:22'),(115,17,67,'2017-09-19 05:01:46'),(116,132,97,'2019-06-18 06:53:25'),(117,145,1,'2017-01-14 04:28:26'),(118,65,85,'2017-05-16 10:48:32'),(119,150,54,'2020-06-03 01:44:01'),(120,151,46,'2016-12-23 09:21:07'),(121,26,20,'2020-02-02 02:40:15'),(122,127,55,'2016-06-28 18:24:30'),(123,2,26,'2018-08-28 21:08:25'),(124,66,93,'2016-09-11 11:35:16'),(125,83,68,'2018-01-28 03:37:43'),(126,125,15,'2019-01-24 16:29:24'),(127,48,13,'2019-11-17 08:40:33'),(128,117,57,'2020-12-20 03:01:13'),(129,51,99,'2018-02-04 22:11:05'),(130,128,42,'2018-02-21 14:58:27'),(131,35,74,'2021-02-03 17:25:36'),(132,25,20,'2018-01-12 03:19:20'),(133,96,64,'2017-06-10 21:26:33'),(134,159,66,'2017-10-15 10:21:22'),(135,104,95,'2015-05-24 20:33:49'),(136,130,33,'2020-01-25 08:51:41'),(137,131,44,'2021-02-19 15:43:36'),(138,116,13,'2018-05-16 13:09:35'),(139,85,59,'2019-01-06 03:43:49'),(140,27,96,'2018-09-25 12:16:58'),(141,10,85,'2015-05-27 11:20:02'),(142,120,27,'2017-04-08 04:55:55'),(143,144,33,'2018-11-29 23:46:08'),(144,103,21,'2015-08-23 17:09:36'),(145,118,51,'2017-12-08 23:36:16'),(146,95,35,'2015-08-24 03:39:08'),(147,98,47,'2020-11-13 04:33:32'),(148,3,14,'2018-07-02 20:56:54'),(149,21,91,'2020-06-21 04:10:36'),(150,23,27,'2019-09-25 15:08:57'),(151,159,68,'2016-01-12 00:19:37'),(152,55,49,'2017-05-30 13:17:51'),(153,1,69,'2017-09-29 02:37:03'),(154,12,95,'2021-02-27 06:18:22'),(155,89,8,'2019-07-20 08:47:20'),(156,80,23,'2018-12-10 10:08:12'),(157,152,86,'2020-09-24 09:25:40'),(158,121,98,'2019-09-20 01:50:22'),(159,32,28,'2021-01-24 14:01:29'),(160,86,27,'2019-01-23 01:42:59'),(161,148,83,'2016-10-10 23:37:07'),(162,157,42,'2017-04-09 02:03:18'),(163,152,30,'2020-09-09 20:31:50'),(164,56,53,'2018-08-21 09:35:53'),(165,150,27,'2015-10-13 19:30:36'),(166,30,29,'2019-06-19 05:51:57'),(167,1,32,'2016-12-16 03:54:39'),(168,40,32,'2016-12-19 11:04:02'),(169,151,91,'2018-08-20 04:42:51'),(170,73,37,'2021-01-16 23:28:49'),(171,129,7,'2016-04-24 16:22:09'),(172,7,89,'2020-10-14 20:31:01'),(173,81,46,'2016-02-03 14:35:14'),(174,103,56,'2020-06-13 20:29:46'),(175,67,33,'2020-12-19 19:49:48'),(176,150,4,'2016-05-15 22:46:21'),(177,1,92,'2015-06-01 15:29:00'),(178,103,11,'2018-07-12 18:12:39'),(179,157,49,'2019-04-13 05:42:51'),(180,49,42,'2019-08-05 07:02:57'),(181,44,70,'2018-11-25 03:12:52'),(182,75,31,'2020-05-23 04:02:08'),(183,137,54,'2018-02-21 19:38:43'),(184,144,68,'2020-02-08 23:13:50'),(185,103,95,'2018-12-26 18:19:42'),(186,90,11,'2019-04-14 07:03:39'),(187,4,8,'2018-03-27 13:25:48'),(188,135,41,'2017-12-31 07:04:43'),(189,110,39,'2019-12-18 04:12:48'),(190,50,57,'2018-09-11 08:56:32'),(191,77,15,'2018-04-05 17:10:54'),(192,93,84,'2019-11-21 20:11:34'),(193,93,29,'2017-07-20 10:31:47'),(194,65,45,'2018-08-26 01:10:50'),(195,67,65,'2019-05-18 07:25:30'),(196,95,35,'2019-09-16 18:41:41'),(197,49,55,'2019-03-12 08:18:32'),(198,102,10,'2015-08-13 18:34:15'),(199,59,64,'2016-12-17 05:02:19'),(200,129,8,'2016-09-26 02:35:28'),(201,82,20,'2017-06-21 06:57:03'),(202,107,65,'2015-12-03 12:05:31'),(203,114,28,'2017-10-06 00:43:05'),(204,145,97,'2019-10-30 00:25:32'),(205,146,79,'2018-09-24 09:05:02'),(206,13,29,'2018-11-04 05:15:16'),(207,160,6,'2016-10-18 08:07:52'),(208,157,88,'2018-01-10 10:00:13'),(209,130,99,'2018-07-09 10:44:08'),(210,99,86,'2017-04-18 08:46:40'),(211,8,4,'2015-08-04 20:47:37'),(212,136,64,'2016-08-20 14:44:42'),(213,157,14,'2021-01-29 20:27:18'),(214,70,50,'2016-08-02 19:09:05'),(215,129,75,'2016-02-27 19:30:09'),(216,145,48,'2015-09-13 01:10:09'),(217,21,90,'2020-08-02 04:26:56'),(218,119,85,'2016-12-05 03:50:51'),(219,134,16,'2019-05-06 15:00:09'),(220,2,24,'2018-10-27 00:34:52'),(221,34,88,'2020-09-26 15:00:31'),(222,132,58,'2020-02-11 10:24:37'),(223,15,91,'2017-02-16 16:08:13'),(224,7,48,'2015-11-16 10:33:53'),(225,2,64,'2018-07-21 13:31:24'),(226,75,53,'2018-01-08 21:02:00'),(227,39,46,'2019-02-16 01:42:30'),(228,44,86,'2020-05-05 02:33:06'),(229,120,26,'2017-03-19 16:44:40'),(230,81,88,'2015-08-12 13:10:40'),(231,146,54,'2016-12-26 00:46:00'),(232,78,75,'2016-11-12 21:24:41'),(233,137,72,'2018-01-19 17:52:04'),(234,152,67,'2018-06-09 10:12:56'),(235,98,90,'2016-10-22 06:35:06'),(236,92,64,'2019-04-18 11:23:23'),(237,87,90,'2018-12-06 22:18:18'),(238,109,74,'2015-07-21 14:27:57'),(239,85,43,'2017-06-05 14:31:29'),(240,31,84,'2019-04-05 14:20:17'),(241,120,79,'2016-11-23 13:13:34'),(242,118,27,'2017-04-09 08:13:39'),(243,4,73,'2020-05-03 10:34:11'),(244,146,19,'2016-11-11 13:16:37'),(245,2,74,'2019-10-07 19:47:11'),(246,92,10,'2021-02-14 20:12:44'),(247,102,29,'2019-03-17 02:48:47'),(248,95,29,'2017-04-30 10:32:21'),(249,34,93,'2019-08-05 05:22:03'),(250,26,32,'2018-11-10 04:19:51'),(251,105,15,'2020-03-09 14:39:48'),(252,40,73,'2017-03-30 21:26:03'),(253,141,86,'2016-03-25 00:17:33'),(254,76,25,'2019-12-24 18:16:13'),(255,151,6,'2018-03-14 03:35:04'),(256,121,42,'2015-09-22 20:13:22'),(257,28,42,'2020-06-29 03:28:18'),(258,96,86,'2016-05-19 13:48:04'),(259,68,4,'2016-11-21 19:42:04'),(260,11,78,'2019-12-26 18:12:49'),(261,78,90,'2016-03-28 17:04:32'),(262,48,69,'2017-09-14 15:50:52'),(263,31,78,'2018-07-31 13:07:21'),(264,135,97,'2018-07-26 03:10:51'),(265,140,78,'2015-11-12 09:38:52'),(266,138,72,'2020-01-31 23:48:25'),(267,121,5,'2019-10-27 03:12:09'),(268,129,11,'2017-08-15 01:42:09'),(269,6,63,'2019-03-19 08:00:57'),(270,37,30,'2016-01-30 20:04:56'),(271,127,58,'2019-03-26 13:28:30'),(272,27,48,'2020-10-18 16:14:19'),(273,71,29,'2019-03-07 01:52:45'),(274,108,74,'2018-03-03 17:47:29'),(275,70,39,'2017-12-26 20:25:48'),(276,155,38,'2020-02-05 09:53:14'),(277,57,80,'2019-05-28 21:15:25'),(278,96,20,'2015-07-07 13:44:00'),(279,122,68,'2015-10-25 14:00:25'),(280,11,99,'2017-03-16 13:56:45'),(281,43,98,'2017-05-12 12:49:08'),(282,126,13,'2019-11-12 07:22:04'),(283,25,21,'2020-02-12 07:29:38'),(284,16,56,'2019-10-07 00:28:34'),(285,81,49,'2017-04-02 13:00:36'),(286,153,71,'2017-07-15 00:43:59'),(287,121,9,'2020-08-04 21:44:44'),(288,66,76,'2017-05-07 19:38:25'),(289,48,62,'2015-07-13 18:04:31'),(290,101,62,'2016-03-04 16:33:58'),(291,7,53,'2018-12-13 13:42:58'),(292,56,23,'2019-02-10 03:59:34'),(293,44,59,'2017-06-24 11:55:37'),(294,131,13,'2020-08-19 08:46:03'),(295,139,36,'2017-09-18 17:10:00'),(296,159,88,'2017-03-30 20:38:32'),(297,116,58,'2017-10-01 12:49:17'),(298,26,57,'2015-10-18 11:17:29'),(299,6,44,'2016-04-17 03:06:15'),(300,47,96,'2018-10-01 14:45:27'),(301,149,91,'2017-10-03 01:35:08'),(302,157,21,'2017-03-12 20:45:57'),(303,147,18,'2017-05-21 12:11:02'),(304,37,93,'2020-01-07 07:43:59'),(305,104,69,'2020-10-22 11:13:27'),(306,31,28,'2016-11-15 18:01:59'),(307,80,20,'2018-05-30 17:36:10'),(308,85,44,'2020-03-16 19:01:34'),(309,100,29,'2018-09-08 03:25:59'),(310,70,35,'2017-06-24 17:11:51'),(311,26,26,'2016-01-06 12:47:57'),(312,14,58,'2018-03-14 21:30:53'),(313,98,8,'2015-11-04 06:17:12'),(314,17,75,'2021-01-25 00:00:02'),(315,92,96,'2018-11-27 14:15:10'),(316,32,31,'2016-01-01 08:22:27'),(317,146,2,'2019-09-30 08:13:21'),(318,31,11,'2017-09-19 01:06:06'),(319,3,72,'2019-11-29 13:57:04'),(320,148,57,'2019-04-16 03:33:40'),(321,18,43,'2015-06-27 09:03:49'),(322,17,6,'2016-01-10 19:44:45'),(323,23,61,'2018-05-07 08:38:57'),(324,92,45,'2016-07-15 17:07:07'),(325,85,99,'2018-03-20 20:45:26'),(326,152,10,'2020-03-31 13:32:26'),(327,101,70,'2019-06-21 14:32:34'),(328,77,31,'2015-05-21 17:12:09'),(329,111,54,'2020-11-15 03:29:43'),(330,31,77,'2019-04-21 22:58:48'),(331,105,16,'2018-07-28 17:31:30'),(332,120,1,'2019-08-16 03:47:45'),(333,155,83,'2021-03-03 23:30:56'),(334,30,44,'2019-11-15 19:18:01'),(335,118,58,'2020-07-10 11:03:57'),(336,77,77,'2015-11-19 06:32:21'),(337,118,2,'2020-03-13 08:36:32'),(338,26,71,'2020-04-30 08:32:17'),(339,74,86,'2019-10-31 01:58:29'),(340,32,48,'2016-12-09 17:22:13'),(341,57,14,'2015-10-12 18:02:16'),(342,141,56,'2018-08-23 23:11:22'),(343,129,76,'2018-10-06 22:56:39'),(344,156,36,'2016-09-01 06:15:49'),(345,83,97,'2017-08-12 19:35:47'),(346,13,53,'2016-11-04 16:18:07'),(347,78,49,'2016-01-20 07:49:53'),(348,60,78,'2020-04-17 23:21:45'),(349,90,64,'2020-04-22 06:25:44'),(350,149,65,'2019-06-05 19:10:03'),(351,116,91,'2020-11-19 13:39:44'),(352,16,53,'2019-01-11 19:55:10'),(353,94,3,'2017-03-01 19:43:16'),(354,87,14,'2019-04-21 23:57:29'),(355,54,78,'2017-11-27 21:44:16'),(356,51,1,'2016-04-18 21:55:32'),(357,126,99,'2018-05-02 05:31:33'),(358,48,76,'2015-08-27 18:57:49'),(359,40,8,'2019-09-25 15:21:04'),(360,52,56,'2018-09-10 04:58:33'),(361,29,69,'2018-12-06 11:56:12'),(362,11,25,'2017-05-10 05:52:00'),(363,156,90,'2020-07-21 02:38:03'),(364,94,41,'2017-09-08 04:40:56'),(365,30,43,'2017-05-05 00:37:09'),(366,121,24,'2018-04-26 22:09:37'),(367,39,99,'2018-05-06 22:03:19'),(368,152,10,'2015-07-21 04:54:20'),(369,16,37,'2019-03-07 15:28:25'),(370,88,87,'2016-03-26 23:45:45'),(371,51,85,'2020-02-05 09:30:07'),(372,43,27,'2018-10-07 09:19:59'),(373,50,71,'2018-03-19 03:16:14'),(374,71,96,'2019-06-08 21:27:51'),(375,26,80,'2015-06-04 10:37:11'),(376,58,73,'2021-03-01 21:49:04'),(377,89,13,'2020-08-26 14:20:24'),(378,59,20,'2018-07-18 15:21:29'),(379,123,30,'2015-06-09 18:52:53'),(380,67,65,'2018-01-06 09:26:35'),(381,109,26,'2016-08-24 23:40:58'),(382,88,98,'2019-10-06 03:11:43'),(383,6,63,'2015-11-08 02:02:20'),(384,145,24,'2016-06-08 09:43:10'),(385,31,17,'2019-04-19 03:35:29'),(386,96,65,'2020-01-21 21:54:33'),(387,111,39,'2021-03-04 11:52:58'),(388,121,97,'2018-07-30 02:47:52'),(389,155,57,'2019-12-06 11:27:03'),(390,131,12,'2016-10-20 09:58:20'),(391,49,88,'2020-09-08 00:37:08'),(392,4,98,'2020-01-06 06:17:19'),(393,158,27,'2016-10-14 14:41:53'),(394,55,47,'2020-05-09 15:44:05'),(395,61,20,'2018-05-26 19:41:25'),(396,117,56,'2015-08-11 12:21:30'),(397,27,39,'2019-04-23 11:49:56'),(398,100,41,'2016-09-13 07:11:47'),(399,119,71,'2016-02-24 09:35:45'),(400,90,71,'2021-03-16 11:30:03'),(401,83,24,'2018-09-04 13:49:42'),(402,115,43,'2020-04-30 19:45:00'),(403,134,69,'2018-07-04 18:22:33'),(404,1,22,'2016-03-19 17:44:22'),(405,29,18,'2016-02-14 18:40:51'),(406,130,64,'2016-08-21 01:17:47'),(407,30,79,'2019-06-30 07:33:02'),(408,158,55,'2020-06-09 18:58:30'),(409,14,73,'2016-08-07 09:20:01'),(410,46,15,'2018-02-21 22:51:16'),(411,80,35,'2019-09-10 23:22:57'),(412,158,62,'2016-12-01 09:27:34'),(413,72,70,'2016-01-29 10:15:37'),(414,24,57,'2020-03-14 08:02:05'),(415,135,60,'2019-10-04 18:30:14'),(416,116,20,'2016-12-19 05:31:32'),(417,47,91,'2016-02-16 05:13:37'),(418,39,11,'2020-04-18 18:40:08'),(419,79,1,'2020-02-05 14:46:27'),(420,51,51,'2018-05-16 02:58:31'),(421,122,36,'2016-03-27 03:39:53'),(422,38,30,'2016-08-18 18:30:34'),(423,109,49,'2019-02-14 18:39:46'),(424,6,18,'2018-08-08 22:53:51'),(425,152,99,'2020-04-26 19:36:35'),(426,18,50,'2018-09-02 14:28:01'),(427,74,62,'2017-01-24 22:36:58'),(428,156,18,'2019-11-22 06:47:29'),(429,155,67,'2021-02-18 23:13:09'),(430,116,38,'2018-11-21 08:49:56'),(431,125,88,'2015-09-17 07:36:51'),(432,7,15,'2018-05-06 20:41:10'),(433,133,80,'2017-06-24 17:41:54'),(434,21,25,'2017-01-13 11:32:38'),(435,83,75,'2017-05-30 13:44:07'),(436,137,23,'2020-08-14 19:09:23'),(437,118,88,'2017-11-09 15:41:12'),(438,147,17,'2017-12-29 06:04:31'),(439,25,34,'2021-01-24 16:25:36'),(440,44,27,'2018-05-05 01:01:09'),(441,91,26,'2019-01-26 12:55:33'),(442,22,9,'2019-02-08 22:41:01'),(443,26,16,'2017-02-06 11:45:02'),(444,107,43,'2018-10-02 23:48:46'),(445,22,10,'2015-05-07 20:55:24'),(446,30,53,'2016-12-08 18:17:23'),(447,72,65,'2017-06-04 13:47:22'),(448,15,12,'2020-12-24 23:11:21'),(449,112,27,'2019-08-17 11:41:15'),(450,21,99,'2019-11-08 21:58:55'),(451,61,23,'2019-03-04 11:57:26'),(452,155,20,'2020-12-19 02:57:04'),(453,104,54,'2020-03-14 11:59:43'),(454,105,55,'2016-11-18 12:14:01'),(455,46,9,'2020-04-09 10:17:38'),(456,153,8,'2017-09-12 23:52:43'),(457,46,59,'2018-04-02 01:37:21'),(458,73,74,'2016-12-05 17:35:15'),(459,80,15,'2020-06-18 20:10:53'),(460,90,92,'2018-07-10 09:15:17'),(461,76,35,'2015-11-21 18:50:25'),(462,60,59,'2020-05-05 03:32:52'),(463,110,49,'2021-01-11 18:19:45'),(464,27,99,'2017-01-04 18:06:51'),(465,70,30,'2018-06-05 20:41:36'),(466,79,78,'2019-11-18 10:14:07'),(467,112,5,'2016-12-31 22:12:28'),(468,126,69,'2015-12-07 17:26:38'),(469,144,83,'2019-03-25 05:42:26'),(470,57,8,'2015-05-01 09:18:53'),(471,101,85,'2015-06-05 14:33:49'),(472,134,29,'2015-10-25 05:59:04'),(473,138,77,'2017-06-18 19:20:31'),(474,103,97,'2018-08-27 15:52:04'),(475,124,51,'2019-08-29 06:25:24'),(476,66,84,'2021-02-07 17:37:29'),(477,154,97,'2019-06-08 05:57:50'),(478,124,84,'2018-07-11 10:03:26'),(479,15,8,'2018-12-30 17:30:15'),(480,4,10,'2018-03-09 18:27:39'),(481,79,3,'2018-08-13 00:54:09'),(482,41,52,'2017-04-16 06:14:27'),(483,72,4,'2021-03-04 13:36:29'),(484,57,17,'2020-12-25 10:25:40'),(485,25,75,'2020-03-05 20:25:34'),(486,83,43,'2016-09-17 07:57:29'),(487,116,73,'2019-06-29 11:37:24'),(488,103,41,'2020-03-15 19:21:10'),(489,54,77,'2015-06-06 23:00:17'),(490,13,30,'2018-11-22 18:04:36'),(491,30,76,'2021-01-21 06:28:49'),(492,110,24,'2015-08-06 11:16:54'),(493,80,38,'2017-02-28 22:04:44'),(494,110,48,'2017-10-21 13:39:38'),(495,53,12,'2016-04-25 11:10:36'),(496,63,39,'2018-09-24 00:00:45'),(497,138,37,'2017-07-31 23:38:35'),(498,102,97,'2016-05-24 07:17:21'),(499,35,90,'2019-10-17 22:37:41'),(500,131,64,'2016-10-10 04:22:58'),(501,71,83,'2020-12-14 11:08:29'),(502,41,42,'2015-07-16 03:40:09'),(503,51,60,'2017-03-07 18:01:58'),(504,136,43,'2018-01-27 16:16:00'),(506,95,96,'2017-08-08 12:20:46'),(507,33,18,'2018-06-18 22:02:28'),(508,57,93,'2018-04-15 10:16:43'),(509,4,54,'2020-09-18 18:22:51'),(510,91,68,'2015-09-16 22:10:46'),(511,139,91,'2018-10-02 16:51:55'),(512,61,55,'2019-07-10 02:53:56'),(513,122,62,'2020-02-14 21:00:36'),(514,139,41,'2020-10-29 09:27:50'),(515,53,21,'2016-08-26 17:24:01'),(516,154,46,'2017-03-30 19:43:14'),(517,92,35,'2020-12-08 07:30:46'),(518,91,31,'2019-12-09 11:30:48'),(519,41,94,'2015-08-28 20:08:22'),(520,48,85,'2020-10-29 03:16:04'),(521,10,97,'2018-04-04 13:01:54'),(522,80,16,'2019-05-16 16:27:56'),(523,83,98,'2020-11-12 04:20:38'),(524,13,50,'2019-02-04 05:26:03'),(525,55,83,'2017-07-18 23:14:57'),(526,68,87,'2021-01-06 13:03:18'),(527,37,10,'2019-06-08 04:38:16'),(528,158,49,'2018-10-15 17:08:06'),(529,96,20,'2020-04-25 08:52:19'),(530,84,47,'2018-02-04 02:03:59'),(531,99,46,'2020-02-03 16:49:38'),(532,66,63,'2019-01-22 15:02:50'),(533,38,73,'2019-09-11 09:51:57'),(534,119,80,'2020-01-26 13:17:52'),(535,78,85,'2020-01-16 22:00:08'),(536,159,8,'2018-10-14 07:13:46'),(537,157,13,'2018-06-20 03:15:02'),(538,50,47,'2020-08-26 03:40:32'),(539,108,31,'2020-09-27 17:44:15'),(540,154,4,'2020-07-11 14:46:15'),(541,127,64,'2019-03-11 05:45:12'),(542,100,19,'2019-01-15 17:33:55'),(543,7,32,'2016-05-30 07:40:35'),(544,94,61,'2015-07-02 18:47:51'),(545,61,33,'2018-11-02 08:04:07'),(546,54,76,'2020-07-25 17:03:42'),(547,47,67,'2019-03-14 22:12:48'),(548,86,51,'2018-12-22 20:59:36'),(549,99,49,'2016-01-20 23:26:12'),(550,12,49,'2019-10-22 15:18:54'),(551,99,80,'2017-11-10 15:22:30'),(552,79,43,'2020-06-12 16:02:30'),(553,36,56,'2015-08-24 19:11:40'),(554,145,18,'2019-03-30 08:57:26'),(555,83,57,'2016-04-05 20:18:50'),(556,68,68,'2020-01-17 11:48:33'),(557,25,26,'2018-06-05 07:12:52'),(558,111,2,'2016-09-01 09:45:21'),(559,145,18,'2018-08-19 12:14:48'),(560,24,51,'2016-01-14 17:04:38'),(561,40,7,'2020-10-01 09:45:24'),(562,110,47,'2016-09-26 06:39:43'),(563,159,87,'2017-11-22 13:09:05'),(564,38,30,'2018-01-12 06:52:53'),(565,110,62,'2021-02-25 04:03:49'),(566,66,69,'2018-08-28 08:47:06'),(567,49,94,'2020-05-22 16:50:43'),(568,56,50,'2018-11-12 18:58:56'),(569,88,20,'2017-10-30 05:29:08'),(570,23,90,'2017-03-22 03:35:34'),(571,121,14,'2017-04-16 10:37:03'),(572,100,81,'2019-06-18 03:25:13'),(573,12,36,'2018-04-25 18:21:36'),(574,3,40,'2017-11-12 18:38:59'),(575,101,9,'2019-01-21 23:16:47'),(576,137,80,'2020-06-19 21:33:38'),(577,78,35,'2018-01-17 23:04:29'),(578,153,14,'2019-05-27 11:48:09'),(579,16,62,'2015-09-30 22:53:59'),(580,157,4,'2016-12-29 16:12:04'),(581,72,2,'2016-07-05 21:25:06'),(582,3,85,'2016-03-29 19:35:54'),(583,116,95,'2016-05-08 18:50:52'),(584,141,72,'2017-09-14 20:33:19'),(585,146,68,'2018-03-31 07:20:37'),(586,62,4,'2016-11-21 08:09:46'),(587,3,66,'2020-04-13 03:53:39'),(588,25,89,'2017-09-23 04:05:36'),(589,67,34,'2018-05-11 17:53:41'),(590,145,7,'2017-05-22 14:18:16'),(591,125,86,'2016-07-17 02:56:56'),(592,120,85,'2021-02-09 04:56:32'),(593,114,57,'2017-01-05 00:58:31'),(594,56,48,'2018-03-13 23:09:40'),(595,11,99,'2018-09-24 01:59:26'),(596,67,27,'2017-10-30 21:34:47'),(597,154,81,'2017-08-21 15:02:16'),(598,146,32,'2019-05-16 19:33:40'),(599,77,79,'2016-10-29 13:48:09'),(600,158,99,'2016-08-03 19:26:26'),(601,66,83,'2017-02-20 16:54:24'),(602,128,59,'2020-08-08 11:19:18'),(603,8,18,'2018-08-01 14:59:58'),(604,24,10,'2015-10-12 02:08:37'),(605,12,10,'2019-08-08 22:49:48'),(606,43,1,'2017-08-31 20:49:51'),(607,49,99,'2020-02-03 20:46:27'),(608,123,23,'2020-05-06 02:29:21'),(609,83,34,'2020-03-23 07:14:06'),(611,40,74,'2018-11-13 13:49:03'),(612,121,51,'2018-05-03 08:29:39'),(613,116,100,'2019-10-01 10:07:46'),(614,153,23,'2016-08-14 10:16:31'),(615,26,4,'2020-04-24 06:05:58'),(616,116,55,'2018-09-10 08:46:55'),(617,22,29,'2017-03-12 10:43:21'),(618,80,91,'2020-06-18 12:22:40'),(619,100,70,'2017-09-21 14:49:56'),(620,6,10,'2017-10-16 22:08:21'),(621,125,61,'2020-06-19 03:18:34'),(622,140,83,'2015-12-09 07:14:26'),(623,156,93,'2020-08-24 11:23:08'),(624,72,46,'2016-07-07 20:19:01'),(625,148,21,'2017-02-07 04:32:22'),(626,148,37,'2020-08-21 18:51:26'),(627,70,91,'2018-11-16 17:46:44'),(628,71,47,'2017-02-18 17:26:02'),(629,75,34,'2019-08-12 18:56:35'),(630,50,77,'2019-07-18 03:31:30'),(631,147,42,'2017-08-26 17:54:21'),(632,135,49,'2020-03-14 16:03:57'),(633,80,79,'2020-12-06 11:43:23'),(634,67,71,'2016-12-08 19:31:39'),(635,103,73,'2018-05-10 23:34:49'),(636,2,12,'2019-09-30 20:25:45'),(637,25,58,'2016-07-19 16:30:59'),(638,137,75,'2019-12-19 06:24:19'),(639,72,40,'2017-03-01 15:35:15'),(640,65,56,'2016-06-30 19:49:58'),(641,44,49,'2015-08-31 13:30:42'),(642,105,49,'2019-05-25 17:10:19'),(643,116,56,'2016-12-23 06:26:07'),(644,81,1,'2017-04-07 13:46:15'),(645,41,68,'2020-01-26 10:39:36'),(646,110,10,'2015-07-15 21:05:55'),(647,13,34,'2019-10-31 10:37:23'),(648,11,100,'2019-07-14 22:55:51'),(649,120,69,'2016-12-14 19:53:43'),(650,18,29,'2016-09-26 15:47:43'),(651,83,39,'2017-07-01 04:24:06'),(652,64,26,'2016-01-20 07:43:57'),(653,61,51,'2018-05-03 10:34:10'),(654,19,26,'2016-05-28 14:45:36'),(655,123,20,'2017-08-04 03:12:11'),(656,155,31,'2017-07-06 04:50:45'),(657,20,100,'2019-06-16 23:43:51'),(658,119,79,'2017-08-20 17:13:38'),(659,36,68,'2020-05-17 00:03:18'),(660,128,100,'2015-12-15 05:42:15'),(661,5,2,'2020-12-31 13:28:01'),(662,13,47,'2018-03-27 11:19:58'),(663,100,25,'2018-09-28 01:22:27'),(664,106,96,'2017-10-10 05:59:02'),(665,84,65,'2017-04-28 10:54:26'),(666,154,2,'2017-12-18 21:41:42'),(667,45,54,'2016-08-19 12:51:53'),(668,90,85,'2019-11-03 08:20:56'),(669,93,42,'2016-04-13 12:15:41'),(670,87,29,'2018-05-11 21:22:16'),(671,109,34,'2015-10-31 07:10:58'),(672,77,50,'2020-07-15 04:54:40'),(673,93,93,'2016-04-14 12:07:06'),(674,135,31,'2016-04-12 06:58:09'),(675,46,13,'2017-03-19 07:36:07'),(676,49,96,'2016-01-03 02:12:45'),(677,132,84,'2018-12-14 21:22:04'),(678,79,64,'2019-08-20 13:18:44'),(679,45,78,'2020-02-02 11:34:08'),(680,156,9,'2020-04-26 03:01:08'),(681,91,68,'2020-02-06 13:29:55'),(682,120,55,'2018-04-28 19:32:49'),(683,120,35,'2015-12-28 18:20:58'),(684,127,75,'2015-07-20 18:13:04'),(685,124,88,'2020-05-05 21:09:06'),(686,71,81,'2016-03-01 12:12:56'),(687,90,55,'2016-04-03 06:44:00'),(688,21,25,'2017-06-14 06:07:50'),(689,138,98,'2017-04-08 19:33:53'),(690,110,4,'2018-08-31 16:32:32'),(691,6,71,'2020-04-18 09:07:39'),(692,60,3,'2018-05-15 05:07:19'),(693,71,44,'2015-08-17 07:20:16'),(694,134,97,'2019-06-26 06:26:04'),(695,82,51,'2017-07-11 19:16:09'),(696,160,50,'2019-10-02 14:09:15'),(697,131,17,'2019-01-23 22:04:26'),(698,28,88,'2020-09-24 05:01:05'),(699,106,7,'2019-05-08 15:58:46'),(700,44,22,'2019-03-25 01:57:15'),(701,27,75,'2016-11-12 18:56:36'),(702,106,8,'2017-03-21 01:57:53'),(703,146,18,'2020-02-29 10:06:15'),(704,135,82,'2016-02-23 05:44:19'),(705,117,6,'2016-09-13 07:29:26'),(706,4,100,'2019-09-29 05:20:51'),(707,91,71,'2015-08-07 13:22:39'),(708,45,2,'2021-02-13 11:57:22'),(709,22,27,'2019-11-26 04:45:29'),(710,58,15,'2020-10-25 21:02:00'),(711,91,5,'2017-04-08 04:00:12'),(712,63,12,'2020-05-06 14:01:41'),(713,133,24,'2016-11-30 19:14:27'),(714,27,21,'2020-01-02 15:13:52'),(715,44,11,'2016-04-05 03:32:37'),(716,150,14,'2017-10-01 05:08:09'),(717,91,56,'2018-09-30 00:09:32'),(718,157,56,'2019-04-04 18:29:51'),(719,128,13,'2018-10-29 05:07:21'),(720,107,10,'2021-01-11 03:13:52'),(721,58,70,'2015-08-29 09:53:53'),(722,97,62,'2017-07-24 00:54:30'),(723,132,34,'2019-08-09 07:57:32'),(724,17,19,'2018-03-21 22:10:47'),(725,1,80,'2016-12-17 00:07:59'),(726,48,51,'2020-09-16 15:14:14'),(727,76,7,'2019-08-29 12:53:51'),(728,29,64,'2020-11-01 03:53:12'),(729,77,78,'2018-01-30 13:51:08'),(730,53,6,'2018-06-21 18:42:43'),(731,93,4,'2016-11-20 13:06:51'),(732,33,45,'2019-08-05 18:32:44'),(733,16,11,'2020-03-09 14:29:47'),(734,143,95,'2020-12-07 01:57:24'),(735,34,9,'2016-12-26 23:24:15'),(736,116,27,'2018-08-08 00:15:43'),(737,87,21,'2020-10-25 12:12:29'),(738,145,85,'2021-03-01 21:21:54'),(739,92,62,'2016-04-05 07:18:45'),(740,1,27,'2020-02-29 05:34:42'),(741,98,30,'2019-01-06 15:03:52'),(742,80,83,'2019-04-07 19:41:53'),(743,114,39,'2018-01-21 14:24:27'),(744,119,1,'2017-02-28 22:03:17'),(745,9,62,'2016-04-25 04:09:42'),(746,82,86,'2020-08-26 11:45:17'),(747,18,52,'2015-05-31 07:24:00'),(748,124,11,'2017-06-16 10:50:48'),(749,97,84,'2019-10-30 17:08:39'),(750,2,16,'2019-08-28 14:17:28'),(751,57,98,'2017-07-28 05:08:06'),(752,92,45,'2019-06-16 15:54:42'),(753,132,46,'2017-06-14 01:15:53'),(754,117,90,'2019-06-14 15:41:59'),(755,11,71,'2017-10-14 11:48:54'),(756,21,28,'2021-02-21 21:05:11'),(757,112,62,'2019-05-08 07:05:55'),(758,136,95,'2017-12-26 05:20:40'),(759,8,23,'2016-07-20 14:32:13'),(760,54,12,'2019-05-15 17:45:46'),(761,141,73,'2020-01-28 06:18:49'),(762,11,51,'2021-01-15 11:23:27'),(763,71,93,'2017-11-12 23:07:27'),(764,58,4,'2016-10-10 18:33:34'),(765,81,81,'2020-11-06 08:32:07'),(766,74,74,'2020-11-26 20:06:35'),(767,19,93,'2020-10-03 12:03:10'),(768,38,43,'2019-11-05 09:02:46'),(769,114,68,'2015-09-24 18:10:57'),(770,2,67,'2015-08-01 00:53:06'),(771,150,78,'2015-05-21 06:59:19'),(772,145,68,'2020-09-29 17:23:56'),(773,65,56,'2018-09-03 03:08:23'),(774,142,91,'2015-10-17 20:36:47'),(775,149,62,'2019-06-01 06:45:23'),(776,102,24,'2016-09-05 05:03:14'),(777,24,81,'2015-09-20 14:06:42'),(778,135,13,'2019-02-15 16:30:24'),(779,131,48,'2015-06-17 01:18:35'),(780,17,70,'2016-05-16 14:08:23'),(781,100,80,'2020-03-02 03:52:48'),(782,22,78,'2018-09-14 10:05:29'),(783,132,83,'2017-09-07 23:55:41'),(784,123,75,'2016-12-29 02:28:38'),(785,5,63,'2016-07-31 21:42:45'),(786,38,45,'2016-08-08 14:14:33'),(787,107,10,'2017-12-10 15:11:06'),(788,112,89,'2018-09-05 18:18:30'),(789,141,40,'2018-05-07 07:05:52'),(790,152,76,'2020-05-14 13:40:28'),(791,141,93,'2019-09-07 08:11:23'),(792,97,63,'2016-02-02 09:02:09'),(793,61,6,'2017-11-08 05:43:18'),(794,141,97,'2019-10-13 10:36:43'),(795,48,24,'2018-03-25 21:00:21'),(796,13,74,'2016-06-24 10:18:13'),(797,104,64,'2018-04-10 21:36:40'),(798,134,97,'2020-09-16 14:15:21'),(799,42,43,'2015-09-19 15:33:23'),(800,17,87,'2018-10-22 20:07:34'),(801,85,50,'2019-10-10 15:04:18'),(802,106,13,'2015-05-01 00:05:29'),(803,21,6,'2019-09-05 12:21:09'),(804,30,22,'2019-05-23 22:35:56'),(805,61,37,'2016-09-13 13:02:55'),(806,132,27,'2015-11-26 06:33:24'),(807,29,48,'2019-12-21 02:44:54'),(808,126,62,'2019-02-18 03:10:58'),(809,104,16,'2020-06-03 16:46:45'),(810,27,86,'2017-08-08 11:27:34'),(811,42,49,'2017-04-23 16:04:11'),(812,145,44,'2018-06-01 07:04:55'),(813,144,9,'2018-12-03 20:18:38'),(814,6,5,'2018-02-23 17:25:08'),(815,95,31,'2018-08-23 11:16:22'),(816,110,9,'2017-07-19 13:13:08'),(817,58,92,'2016-06-25 17:23:10'),(818,82,73,'2020-05-04 08:23:07'),(819,118,53,'2019-03-28 22:52:44'),(820,98,10,'2019-11-05 02:20:57'),(821,87,69,'2020-04-13 00:13:14'),(822,128,81,'2020-08-27 03:09:58'),(823,128,83,'2021-03-16 00:16:47'),(824,81,11,'2016-12-10 01:00:39'),(825,82,86,'2017-07-22 13:19:32'),(826,25,76,'2015-09-26 00:42:24'),(827,54,46,'2016-07-26 20:40:02'),(828,6,53,'2020-04-24 14:19:36'),(829,121,62,'2018-11-06 18:44:35'),(830,16,32,'2017-12-23 11:50:47'),(831,154,7,'2018-01-05 12:06:50'),(832,76,49,'2020-10-21 10:08:28'),(833,43,71,'2016-12-22 23:28:27'),(834,35,23,'2018-12-06 00:03:32'),(835,15,84,'2016-08-06 10:58:59'),(836,117,88,'2016-10-07 15:50:58'),(837,123,8,'2018-09-20 07:24:30'),(838,13,54,'2016-03-04 22:36:15'),(839,114,83,'2021-03-06 03:54:25'),(840,18,53,'2018-06-16 08:50:00'),(841,146,2,'2019-04-26 17:33:23'),(842,73,61,'2019-12-29 22:23:33'),(843,140,89,'2020-10-17 20:24:16'),(844,22,54,'2016-11-17 19:57:21'),(845,61,56,'2018-06-23 23:40:34'),(846,15,81,'2020-07-09 19:37:30'),(847,122,41,'2020-01-23 12:12:24'),(848,14,60,'2017-07-08 11:16:09'),(849,57,49,'2017-12-21 04:50:11'),(850,104,92,'2016-01-30 23:29:10'),(851,35,76,'2017-01-22 16:01:55'),(852,110,64,'2015-11-02 18:48:43'),(853,83,78,'2018-07-28 07:04:30'),(854,78,33,'2018-03-24 12:03:00'),(855,102,48,'2020-02-04 00:08:08'),(856,86,9,'2018-08-31 21:38:20'),(857,142,79,'2017-09-21 20:53:56'),(858,45,3,'2017-04-18 00:41:19'),(859,153,11,'2017-12-21 21:51:28'),(860,14,79,'2016-10-04 20:19:59'),(861,68,51,'2020-06-12 21:12:13'),(862,160,43,'2018-12-13 06:07:45'),(863,15,99,'2018-01-27 00:08:47'),(864,36,3,'2018-03-09 15:27:18'),(865,124,22,'2015-06-29 13:56:50'),(866,103,27,'2019-05-13 08:28:55'),(867,2,26,'2017-04-29 09:40:42'),(868,46,69,'2019-02-09 08:03:25'),(869,123,96,'2016-06-11 20:21:37'),(870,131,49,'2015-06-21 14:44:30'),(871,142,65,'2018-07-31 21:44:20'),(872,124,95,'2019-05-19 01:34:48'),(873,112,72,'2019-12-04 23:47:41'),(874,23,11,'2020-04-09 03:20:38'),(875,102,36,'2020-05-10 02:26:49'),(876,1,74,'2019-09-29 11:18:48'),(877,131,4,'2016-06-05 10:20:11'),(878,45,38,'2019-05-16 02:51:13'),(879,111,92,'2020-06-13 16:22:12'),(880,134,47,'2017-01-09 10:23:58'),(881,36,53,'2020-03-26 11:59:55'),(882,38,75,'2017-01-30 13:54:18'),(883,121,81,'2021-03-04 18:38:23'),(884,151,84,'2015-09-18 12:35:43'),(885,140,28,'2017-05-27 16:10:05'),(886,97,33,'2018-08-27 04:09:54'),(887,86,24,'2019-11-01 05:25:56'),(888,128,59,'2016-02-02 23:46:35'),(889,30,39,'2017-05-30 15:41:47'),(890,33,57,'2017-07-25 16:15:51'),(891,26,88,'2020-04-05 19:20:34'),(892,6,41,'2015-08-09 09:01:53'),(893,70,28,'2019-08-03 20:14:25'),(894,69,27,'2018-02-13 11:13:03'),(895,46,33,'2016-07-04 04:28:42'),(896,77,37,'2018-09-27 21:50:57'),(897,26,73,'2017-01-23 08:55:19'),(898,9,29,'2019-08-30 12:10:22'),(899,87,77,'2020-01-01 19:12:32'),(900,77,77,'2019-10-20 20:38:15'),(901,24,51,'2017-10-13 06:40:17'),(902,119,64,'2020-01-28 04:33:20'),(903,67,44,'2019-11-27 11:52:28'),(904,53,67,'2018-01-30 06:48:59'),(905,25,93,'2015-05-13 07:34:09'),(906,111,73,'2019-01-12 02:30:30'),(907,90,75,'2016-01-20 22:56:40'),(908,86,56,'2019-08-22 20:18:29'),(909,48,91,'2017-01-10 17:49:06'),(910,12,98,'2016-10-14 13:16:40'),(911,44,84,'2017-07-09 22:02:41'),(912,68,76,'2016-01-10 07:30:07'),(913,38,34,'2018-02-16 04:29:08'),(914,31,88,'2015-06-12 09:02:00'),(915,145,59,'2019-04-21 16:49:15'),(916,118,66,'2017-03-03 18:06:55'),(917,7,14,'2018-07-06 01:13:28'),(918,101,93,'2019-10-26 08:53:13'),(919,54,52,'2016-06-09 01:52:23'),(920,43,31,'2019-03-14 15:48:56'),(921,53,56,'2019-07-26 10:34:09'),(922,154,88,'2019-01-03 14:30:36'),(923,22,12,'2021-01-05 01:57:14'),(924,29,17,'2020-12-03 23:21:01'),(925,65,40,'2020-05-13 00:00:03'),(926,2,2,'2017-10-27 11:03:50'),(927,148,9,'2018-08-01 16:25:41'),(928,49,84,'2018-03-25 10:03:33'),(929,27,83,'2020-01-26 10:07:23'),(930,52,49,'2018-07-17 05:32:54'),(931,14,9,'2017-03-03 06:29:00'),(932,18,77,'2020-10-16 00:52:57'),(933,48,99,'2019-06-08 18:04:24'),(934,12,56,'2019-06-23 00:49:49'),(935,62,4,'2017-11-04 07:02:31'),(936,123,43,'2015-06-19 17:49:47'),(937,91,23,'2020-04-04 05:08:00'),(938,102,28,'2015-12-27 05:17:19'),(939,142,26,'2015-08-15 20:09:15'),(940,57,95,'2020-09-17 22:00:56'),(941,98,61,'2017-10-19 10:43:37'),(942,112,5,'2017-06-03 20:41:55'),(943,146,99,'2018-05-22 08:25:21'),(944,45,20,'2018-06-13 13:07:40'),(945,109,98,'2015-11-10 01:28:57'),(946,133,91,'2020-05-27 01:08:25'),(947,41,79,'2015-07-14 10:21:52'),(948,91,62,'2018-10-24 09:30:45'),(949,51,90,'2020-05-07 01:34:48'),(950,68,99,'2018-03-08 12:28:25'),(951,93,78,'2020-06-09 18:44:20'),(952,82,65,'2020-07-13 17:23:06'),(953,107,16,'2020-02-14 15:49:06'),(954,66,82,'2017-10-15 12:02:53'),(955,126,19,'2019-02-22 21:53:48'),(956,21,28,'2021-02-19 10:26:58'),(957,135,56,'2021-02-17 19:40:07'),(958,146,38,'2021-01-11 04:06:18'),(959,128,4,'2020-07-11 18:37:49'),(960,116,92,'2018-04-29 17:56:52'),(961,19,3,'2020-08-12 18:57:30'),(962,70,60,'2020-12-24 02:03:34'),(963,121,10,'2015-12-09 10:31:58'),(964,52,65,'2019-02-08 07:35:48'),(965,96,9,'2020-08-05 15:29:43'),(966,103,77,'2018-07-18 15:47:53'),(967,17,55,'2015-08-11 17:36:56'),(968,73,55,'2018-11-17 01:47:40'),(969,45,19,'2020-06-09 13:14:11'),(970,57,2,'2018-06-12 21:54:33'),(971,126,10,'2015-08-04 06:56:52'),(972,160,24,'2019-01-26 02:07:22'),(973,33,90,'2015-07-25 22:52:52'),(974,101,81,'2017-01-27 21:08:55'),(975,84,71,'2017-06-17 22:12:35'),(976,31,2,'2020-10-02 08:42:50'),(977,117,52,'2018-05-16 10:03:05'),(978,43,44,'2020-03-01 09:13:36'),(979,29,33,'2018-08-05 01:05:22'),(980,113,73,'2017-02-20 10:52:43'),(981,30,27,'2020-06-27 12:14:06'),(982,34,41,'2018-01-04 13:39:02'),(983,122,31,'2019-02-26 16:39:31'),(984,83,85,'2020-07-10 03:27:09'),(985,97,69,'2018-01-12 00:23:50'),(986,144,25,'2019-02-26 00:44:23'),(987,39,65,'2020-06-14 11:37:02'),(988,56,28,'2017-09-07 16:58:43'),(989,76,45,'2017-08-20 11:09:09'),(990,138,49,'2019-10-17 13:56:15'),(991,136,65,'2018-12-10 21:20:27'),(992,55,7,'2020-01-03 02:00:09'),(993,96,51,'2016-01-31 03:06:03'),(994,116,9,'2016-11-08 18:36:28'),(995,130,8,'2020-09-14 20:50:51'),(996,31,36,'2019-12-13 09:31:30'),(997,76,32,'2016-05-27 18:11:35'),(998,122,92,'2018-08-20 23:30:05'),(999,111,78,'2016-11-07 00:02:20'),(1000,4,81,'2018-11-30 10:48:04'),(1001,26,3,'2016-11-24 14:59:58'),(1002,63,73,'2018-04-28 03:42:20'),(1003,5,32,'2019-09-09 06:38:22'),(1004,105,51,'2016-05-11 07:11:29'),(1005,117,33,'2019-03-12 01:08:58'),(1006,67,31,'2019-10-07 17:17:03'),(1007,48,86,'2020-01-12 20:05:01'),(1008,99,49,'2019-08-22 09:40:36'),(1009,74,4,'2016-11-16 21:14:34'),(1010,144,26,'2016-01-15 14:17:41'),(1011,123,70,'2020-02-17 16:51:23'),(1012,88,7,'2019-07-10 02:30:30'),(1013,139,70,'2015-12-28 19:04:59'),(1014,44,83,'2017-11-08 01:00:08'),(1015,51,67,'2020-01-27 04:52:19'),(1016,125,49,'2019-09-06 06:27:51'),(1017,48,45,'2016-12-18 02:48:57'),(1018,9,7,'2016-05-06 03:47:49'),(1019,19,65,'2015-07-04 19:38:57'),(1020,24,39,'2019-01-23 23:57:55'),(1021,50,44,'2015-10-14 21:59:23'),(1022,65,59,'2018-03-14 23:09:50'),(1023,140,37,'2016-07-12 10:57:42'),(1024,16,89,'2018-08-11 18:25:36'),(1025,7,4,'2016-05-07 20:21:35'),(1026,17,100,'2016-06-25 07:37:44'),(1027,120,42,'2018-01-13 10:10:36'),(1028,33,53,'2019-07-04 13:06:28'),(1029,52,10,'2016-04-21 20:07:11'),(1030,13,62,'2019-06-22 22:23:12'),(1031,111,80,'2015-06-10 12:41:04'),(1032,61,69,'2021-02-18 05:22:22'),(1033,32,27,'2020-06-10 21:55:17'),(1034,50,80,'2017-08-04 06:35:59'),(1035,123,95,'2017-03-12 00:20:45'),(1036,135,49,'2017-11-12 15:02:24'),(1037,9,91,'2016-07-11 11:16:28'),(1038,111,51,'2019-08-08 20:21:44'),(1039,32,77,'2015-06-03 05:05:57'),(1040,1,86,'2020-08-24 21:31:10'),(1041,11,21,'2018-01-28 05:24:39'),(1042,84,28,'2018-12-31 19:36:23'),(1043,127,78,'2019-07-20 18:54:38'),(1044,101,27,'2019-07-12 20:50:41'),(1045,18,46,'2017-10-08 08:36:08'),(1046,36,4,'2020-10-29 13:35:18'),(1047,6,29,'2017-10-27 03:14:44'),(1048,157,82,'2017-03-09 08:34:25'),(1049,46,71,'2017-02-20 18:14:34'),(1050,46,61,'2018-10-26 02:36:14'),(1051,120,7,'2015-07-19 15:24:05'),(1052,96,85,'2017-09-29 06:18:25'),(1053,15,25,'2020-11-09 18:26:30'),(1054,96,81,'2018-01-18 10:23:53'),(1055,86,24,'2018-03-27 05:46:33'),(1056,139,76,'2015-10-21 06:47:44'),(1057,132,12,'2020-10-10 01:45:41'),(1058,51,5,'2017-07-22 21:31:54'),(1059,125,50,'2016-01-11 15:29:04'),(1060,1,60,'2018-01-14 21:56:19'),(1061,92,31,'2020-11-20 00:21:00'),(1062,21,22,'2017-04-21 17:02:44'),(1063,60,59,'2020-04-28 21:17:21'),(1064,91,10,'2016-09-12 16:25:10'),(1065,130,39,'2018-12-26 03:20:26'),(1066,158,45,'2017-09-15 00:33:21'),(1067,52,79,'2016-03-31 01:52:05'),(1068,123,33,'2018-09-06 16:47:00'),(1069,4,17,'2017-07-21 15:25:24'),(1070,64,27,'2016-05-24 11:52:38'),(1071,28,17,'2019-11-18 22:13:39'),(1072,63,89,'2017-03-18 12:36:59'),(1073,51,17,'2016-12-23 05:30:38'),(1074,48,94,'2017-12-04 22:48:51'),(1075,84,69,'2017-06-24 10:39:01'),(1076,118,1,'2018-04-15 17:55:10'),(1077,38,91,'2017-10-11 18:45:29'),(1078,30,14,'2018-09-14 01:08:31'),(1079,111,8,'2018-12-14 06:32:50'),(1080,118,84,'2017-06-06 14:25:15'),(1081,107,77,'2020-11-11 13:34:22'),(1082,25,24,'2019-01-06 09:42:47'),(1083,106,37,'2017-02-26 16:57:29'),(1084,140,43,'2019-04-22 16:45:42'),(1085,88,62,'2017-12-10 18:02:44'),(1086,129,74,'2016-06-20 01:03:13'),(1087,94,23,'2019-01-29 08:14:30'),(1088,18,87,'2018-11-13 23:09:30'),(1089,64,54,'2015-11-21 04:10:41'),(1090,27,7,'2019-04-18 08:31:34'),(1091,159,41,'2015-10-18 15:12:26'),(1092,71,81,'2017-07-23 11:34:09'),(1093,74,70,'2019-03-08 21:20:04'),(1094,70,48,'2016-02-15 09:04:33'),(1095,82,29,'2019-07-13 14:29:13'),(1096,57,17,'2016-04-08 06:19:05'),(1097,65,39,'2019-03-19 21:14:27'),(1098,137,48,'2020-02-23 00:21:37'),(1099,158,26,'2015-12-19 19:11:23'),(1100,153,59,'2015-11-10 07:58:43'),(1101,14,49,'2016-01-24 15:26:07'),(1102,78,63,'2017-06-02 14:21:03'),(1103,18,43,'2017-09-06 10:33:35'),(1104,64,7,'2020-10-27 18:51:26'),(1105,151,20,'2018-01-21 23:43:03'),(1106,96,32,'2018-05-22 23:07:38'),(1107,139,93,'2016-07-20 05:35:40'),(1108,146,23,'2018-02-24 15:42:07'),(1109,107,8,'2019-11-17 22:50:11'),(1110,75,65,'2017-10-29 04:11:16'),(1111,31,31,'2020-01-23 09:32:24'),(1112,16,90,'2019-09-16 20:14:50'),(1113,90,55,'2017-02-20 09:43:40'),(1114,53,1,'2017-02-19 21:00:30'),(1115,33,75,'2018-12-11 12:58:06'),(1116,127,8,'2016-03-10 10:55:40'),(1117,127,22,'2020-07-30 00:50:42'),(1118,54,97,'2015-05-31 04:33:11'),(1119,22,72,'2017-09-06 05:20:27'),(1120,58,89,'2020-12-12 22:09:21'),(1121,107,75,'2018-09-10 07:52:04'),(1122,138,83,'2021-03-06 05:58:56'),(1123,145,98,'2016-10-19 15:25:09'),(1124,74,49,'2016-12-06 20:15:34'),(1125,96,95,'2018-12-07 16:09:01'),(1126,119,20,'2016-10-02 05:05:04'),(1127,109,50,'2017-07-13 10:04:55'),(1128,97,59,'2016-03-04 20:16:03'),(1129,36,23,'2018-11-05 08:12:10'),(1130,150,49,'2018-08-02 13:19:18'),(1131,97,39,'2021-01-24 03:06:39'),(1132,26,38,'2016-07-22 08:42:00'),(1133,13,22,'2016-01-18 19:16:45'),(1134,138,2,'2021-02-20 07:24:23'),(1135,17,47,'2018-08-24 12:18:19'),(1136,82,52,'2020-05-18 00:25:06'),(1137,14,63,'2018-10-31 22:17:10'),(1138,33,92,'2017-09-14 23:17:12'),(1139,44,12,'2016-09-12 10:41:11'),(1140,54,40,'2020-12-11 16:40:58'),(1141,33,79,'2015-09-23 12:27:56'),(1142,76,36,'2018-02-25 21:23:23'),(1143,22,20,'2016-06-21 06:39:49'),(1144,7,7,'2018-06-18 02:15:34'),(1145,27,60,'2015-10-11 00:25:01'),(1146,70,61,'2019-12-15 04:25:02'),(1147,159,67,'2019-06-07 05:56:45'),(1148,12,61,'2016-01-27 01:35:21'),(1149,17,1,'2018-07-10 23:13:09'),(1150,30,42,'2017-04-16 00:26:19'),(1151,25,78,'2015-07-19 13:38:48'),(1152,25,85,'2016-06-07 04:01:41'),(1153,153,100,'2020-03-12 12:18:40'),(1154,136,15,'2018-09-01 10:34:58'),(1155,138,4,'2017-06-04 01:05:30'),(1156,127,70,'2015-10-15 06:49:13'),(1157,120,2,'2017-03-25 15:56:16'),(1158,61,57,'2017-07-27 20:20:20'),(1159,81,7,'2020-10-31 14:59:29'),(1160,27,49,'2018-06-11 23:03:07'),(1161,24,31,'2020-04-15 07:23:45'),(1162,158,47,'2018-12-28 00:56:02'),(1163,57,45,'2018-10-03 15:35:37'),(1164,75,49,'2015-08-03 12:16:38'),(1165,55,78,'2018-02-17 23:42:59'),(1166,51,10,'2016-10-12 18:51:40'),(1167,103,26,'2020-01-30 08:16:02'),(1168,68,59,'2017-01-15 17:51:49'),(1169,57,64,'2015-07-16 01:37:38'),(1170,59,89,'2017-02-15 11:39:22'),(1171,24,33,'2017-10-18 14:30:34'),(1172,129,10,'2016-05-20 22:41:23'),(1173,36,92,'2019-02-07 07:01:53'),(1174,91,48,'2019-03-29 00:11:57'),(1175,100,19,'2017-08-30 13:00:46'),(1176,55,94,'2021-03-02 01:34:36'),(1177,109,94,'2019-10-31 01:57:22'),(1178,84,95,'2020-04-28 14:09:41'),(1179,94,93,'2020-11-28 02:02:57'),(1180,31,81,'2016-06-15 00:52:24'),(1181,150,83,'2016-01-03 07:19:47'),(1182,75,30,'2015-05-04 19:08:23'),(1183,28,33,'2019-03-31 10:49:12'),(1184,73,10,'2017-03-13 05:47:29'),(1185,104,20,'2018-10-25 05:36:31'),(1186,43,79,'2015-05-14 19:46:44'),(1187,31,91,'2016-11-06 19:10:47'),(1188,121,51,'2016-12-05 21:40:25'),(1189,94,60,'2018-10-09 11:56:20'),(1190,124,33,'2015-12-14 03:47:07'),(1191,46,13,'2019-11-25 16:13:12'),(1192,91,43,'2018-08-21 06:51:19'),(1193,38,2,'2018-02-26 18:43:37'),(1194,95,57,'2019-07-18 10:10:50'),(1195,37,69,'2016-02-18 03:49:55'),(1196,49,56,'2018-06-27 21:43:47'),(1197,147,84,'2016-12-05 10:15:50'),(1198,149,28,'2019-09-30 19:14:25'),(1199,56,81,'2020-10-31 02:31:17'),(1200,113,55,'2017-10-20 11:59:48'),(1201,126,92,'2017-01-30 13:31:48'),(1202,38,63,'2016-09-04 16:46:14'),(1203,7,82,'2016-10-24 04:22:26'),(1204,85,28,'2018-09-15 04:40:08'),(1205,41,49,'2015-12-20 19:19:59'),(1206,63,25,'2020-03-10 19:46:10'),(1207,158,75,'2020-01-14 01:57:33'),(1208,39,73,'2018-05-20 07:35:54'),(1209,16,46,'2016-06-23 17:13:31'),(1210,12,80,'2017-10-23 00:26:31'),(1211,67,14,'2018-05-23 07:38:40'),(1212,61,72,'2017-04-20 22:00:29'),(1213,28,31,'2016-01-06 00:13:01'),(1214,34,64,'2018-09-22 16:10:19'),(1215,30,24,'2018-06-21 17:19:11'),(1216,118,63,'2020-11-06 23:11:37'),(1217,9,67,'2015-10-31 01:07:09'),(1218,43,5,'2018-12-14 17:07:36'),(1219,69,25,'2020-02-27 19:23:11'),(1220,135,42,'2016-10-24 06:39:48'),(1221,69,46,'2020-01-21 08:16:03'),(1222,155,97,'2016-10-28 06:27:33'),(1223,113,82,'2020-06-01 16:36:16'),(1224,120,24,'2018-08-09 00:45:20'),(1225,154,50,'2016-06-08 11:04:30'),(1226,88,40,'2016-12-08 14:13:12'),(1227,10,93,'2020-01-19 22:59:06'),(1228,44,12,'2016-06-07 09:22:32'),(1229,61,99,'2018-06-22 11:02:03'),(1230,52,99,'2015-12-13 12:09:20'),(1231,121,12,'2020-10-14 12:47:09'),(1232,54,80,'2017-03-07 12:34:25'),(1233,14,7,'2020-01-03 09:37:17'),(1235,71,30,'2015-06-23 19:29:50'),(1236,42,60,'2019-09-20 05:43:56'),(1238,121,77,'2019-02-25 03:16:51'),(1239,89,38,'2015-05-19 08:19:05'),(1240,95,69,'2015-11-26 16:51:31'),(1241,84,69,'2018-01-18 20:26:59'),(1242,139,48,'2015-06-04 12:47:01'),(1243,45,81,'2019-06-06 11:40:46'),(1244,153,33,'2017-11-11 05:09:29'),(1245,106,92,'2015-09-11 23:51:44'),(1246,21,64,'2015-06-17 16:56:51'),(1247,77,12,'2020-10-10 22:15:44'),(1248,140,23,'2018-08-07 21:34:47'),(1249,25,80,'2015-05-06 02:13:20'),(1250,16,81,'2017-05-17 03:29:01'),(1251,6,26,'2019-08-15 19:51:41'),(1252,23,31,'2018-11-13 01:58:04'),(1253,54,86,'2020-02-21 07:21:53'),(1254,26,6,'2016-12-25 16:01:54'),(1255,147,83,'2020-12-17 19:10:31'),(1256,41,35,'2020-11-06 08:53:32'),(1257,20,22,'2020-02-19 20:02:45'),(1258,27,98,'2016-11-28 10:39:51'),(1259,21,6,'2020-08-08 02:17:37'),(1260,36,80,'2019-04-09 12:35:10'),(1261,149,79,'2019-03-20 17:09:39'),(1262,2,22,'2017-01-17 09:09:24'),(1263,46,9,'2018-02-25 03:24:41'),(1264,77,79,'2018-05-25 22:41:55'),(1265,135,73,'2016-04-23 16:22:11'),(1266,64,53,'2016-12-04 22:51:50'),(1267,28,18,'2020-05-18 02:19:14'),(1268,12,77,'2018-02-04 00:07:20'),(1269,132,38,'2019-11-27 02:45:36'),(1270,53,60,'2018-02-13 22:32:41'),(1271,105,23,'2015-07-26 17:33:15'),(1272,59,48,'2019-12-06 05:14:54'),(1273,48,22,'2019-12-08 06:41:21'),(1274,94,97,'2018-08-31 02:48:42'),(1275,119,21,'2018-03-10 03:06:07'),(1276,124,22,'2019-08-14 16:11:08'),(1277,127,54,'2016-05-30 08:44:00'),(1278,64,31,'2019-08-31 04:13:13'),(1279,115,36,'2016-01-27 04:00:45'),(1280,95,63,'2017-10-29 16:30:46'),(1281,145,73,'2019-09-14 07:38:12'),(1282,20,27,'2017-11-28 21:45:24'),(1283,96,20,'2021-01-04 22:59:01'),(1284,118,30,'2018-04-27 10:45:34'),(1285,50,39,'2019-02-16 17:57:27'),(1286,32,72,'2019-06-17 18:37:13'),(1287,80,26,'2018-09-10 00:20:22'),(1288,62,30,'2019-10-01 02:56:51'),(1289,150,35,'2015-07-20 22:49:48'),(1290,68,59,'2020-11-11 18:25:08'),(1291,103,84,'2018-10-06 08:42:53'),(1292,79,65,'2015-11-23 21:25:41'),(1293,49,11,'2019-08-25 18:06:26'),(1294,95,11,'2017-07-18 11:21:47'),(1295,121,40,'2019-05-07 11:36:14'),(1296,150,99,'2016-12-24 09:02:29'),(1297,14,33,'2017-06-06 19:30:23'),(1298,11,77,'2020-11-19 07:31:06'),(1299,26,19,'2019-02-13 12:11:03'),(1300,117,82,'2017-08-12 23:28:34'),(1301,56,82,'2015-05-22 17:56:20'),(1302,119,96,'2020-07-23 04:22:37'),(1303,106,77,'2017-09-21 01:10:43'),(1304,110,4,'2017-07-02 01:52:24'),(1305,35,75,'2019-01-03 14:56:30'),(1306,26,8,'2015-06-03 06:11:57'),(1307,13,42,'2016-07-15 19:16:53'),(1308,50,28,'2021-02-07 14:55:13'),(1309,122,38,'2017-01-01 01:52:07'),(1310,28,13,'2018-02-26 21:41:33'),(1311,51,68,'2018-07-22 15:58:04'),(1312,93,6,'2017-01-31 23:52:19'),(1313,12,3,'2020-05-01 08:34:03'),(1314,84,59,'2017-05-22 04:19:58'),(1315,109,63,'2016-07-06 05:04:20'),(1316,94,40,'2020-12-17 21:28:25'),(1317,131,77,'2016-05-16 05:15:46'),(1318,149,53,'2015-06-08 19:00:12'),(1319,137,39,'2018-08-16 16:20:24'),(1320,135,96,'2019-09-13 09:48:02'),(1321,91,92,'2015-07-05 09:05:37'),(1322,130,26,'2020-10-18 01:10:40'),(1323,75,6,'2018-07-21 11:43:05'),(1324,99,38,'2020-12-09 16:10:06'),(1325,158,85,'2016-01-13 06:47:55'),(1326,52,68,'2019-09-13 18:35:57'),(1327,87,10,'2017-05-23 09:42:39'),(1328,113,74,'2018-06-04 01:52:01'),(1329,101,70,'2018-09-19 13:18:48'),(1330,72,30,'2017-02-03 22:04:37'),(1331,157,83,'2019-11-21 07:33:18'),(1332,26,43,'2021-01-15 04:39:22'),(1333,76,16,'2018-06-03 09:43:32'),(1334,36,29,'2019-07-20 19:46:13'),(1335,64,6,'2015-05-16 06:47:08'),(1336,82,90,'2020-07-23 07:43:40'),(1337,152,61,'2017-10-11 03:23:36'),(1338,121,26,'2017-10-10 02:53:40'),(1339,145,71,'2020-03-18 13:24:11'),(1340,8,94,'2020-08-14 19:26:32'),(1341,151,86,'2015-05-08 18:06:48'),(1342,138,49,'2017-03-30 17:21:03'),(1343,44,14,'2018-12-13 17:31:31'),(1344,157,1,'2015-11-25 20:41:05'),(1345,23,12,'2019-02-11 11:57:31'),(1346,138,94,'2020-10-01 06:51:00'),(1347,23,21,'2019-04-18 07:29:05'),(1348,147,46,'2018-11-22 01:59:03'),(1349,133,42,'2015-05-08 20:34:40'),(1350,133,41,'2016-07-16 10:02:50'),(1351,112,52,'2015-06-05 21:36:50'),(1352,110,92,'2018-01-30 15:02:17'),(1353,88,89,'2017-01-04 19:27:35'),(1354,75,32,'2015-06-27 13:17:45'),(1355,160,91,'2016-12-17 17:12:40'),(1356,140,96,'2017-02-17 07:16:42'),(1357,124,4,'2019-06-10 17:52:11'),(1358,143,76,'2018-09-10 04:37:25'),(1359,101,8,'2019-10-23 02:37:15'),(1360,118,48,'2015-11-07 08:20:37'),(1361,119,6,'2016-04-14 18:58:00'),(1362,83,4,'2018-07-22 06:54:48'),(1363,20,73,'2016-10-18 10:46:41'),(1364,113,36,'2018-11-21 18:15:38'),(1365,45,45,'2016-12-09 20:04:46'),(1366,135,95,'2018-08-08 06:43:35'),(1367,65,84,'2020-12-17 06:30:18'),(1368,59,70,'2015-12-28 21:27:25'),(1369,145,20,'2019-06-06 00:52:49'),(1370,89,33,'2016-02-25 21:08:31'),(1371,97,82,'2018-12-10 16:10:45'),(1372,88,75,'2019-02-19 02:34:50'),(1373,152,35,'2017-08-16 21:28:36'),(1374,1,6,'2015-05-25 12:45:07'),(1375,83,67,'2020-07-25 08:26:28'),(1376,128,97,'2017-09-23 13:03:37'),(1377,107,8,'2017-07-08 01:05:20'),(1378,58,85,'2019-01-25 23:22:29'),(1379,151,20,'2015-09-05 02:43:04'),(1380,157,58,'2017-08-22 00:34:33'),(1381,146,21,'2019-12-12 03:50:11'),(1382,11,7,'2019-09-10 02:33:54'),(1383,71,99,'2017-05-24 10:25:36'),(1384,82,38,'2018-06-20 05:32:57'),(1385,152,55,'2018-12-06 05:34:35'),(1386,107,82,'2018-01-09 20:20:46'),(1387,126,77,'2018-01-03 22:06:42'),(1388,75,38,'2020-08-22 10:37:51'),(1389,99,71,'2016-03-02 19:55:48'),(1390,123,28,'2015-05-20 04:52:07'),(1391,52,91,'2018-12-19 21:39:49'),(1392,56,23,'2015-09-06 06:49:23'),(1393,135,44,'2017-12-17 02:14:08'),(1394,68,67,'2015-08-23 23:49:10'),(1395,77,6,'2020-10-19 01:30:07'),(1396,154,32,'2018-02-27 17:09:45'),(1397,113,96,'2018-12-18 18:25:01'),(1398,134,12,'2019-02-14 01:42:31'),(1399,110,68,'2017-06-28 10:24:12'),(1400,61,63,'2020-08-27 08:00:06'),(1401,91,74,'2017-10-16 17:54:34'),(1402,11,7,'2017-07-25 02:39:11'),(1403,41,68,'2019-02-10 16:38:50'),(1404,53,55,'2015-10-02 12:23:16'),(1405,75,33,'2017-11-19 21:06:31'),(1406,35,65,'2020-12-13 05:29:28'),(1407,29,16,'2018-01-30 21:14:23'),(1408,34,36,'2018-02-17 02:50:13'),(1409,37,39,'2021-01-27 07:34:35'),(1410,2,53,'2017-12-19 14:28:53'),(1411,29,74,'2017-03-07 10:47:22'),(1412,147,57,'2016-09-03 19:36:47'),(1413,77,83,'2016-07-04 02:48:31'),(1414,83,43,'2017-03-06 12:18:52'),(1415,127,46,'2021-01-16 14:15:24'),(1416,52,73,'2020-09-03 19:27:06'),(1417,157,47,'2019-01-08 15:35:57'),(1418,22,17,'2017-10-02 04:45:04'),(1419,11,43,'2016-05-15 10:04:09'),(1420,112,63,'2019-02-28 21:12:11'),(1421,137,20,'2019-07-31 12:55:08'),(1422,56,47,'2019-03-11 10:05:45'),(1423,87,34,'2015-12-28 20:50:00'),(1424,91,12,'2018-11-05 10:59:26'),(1425,39,57,'2019-02-20 01:33:47'),(1426,53,50,'2017-12-05 07:57:19'),(1427,8,49,'2016-11-24 20:11:53'),(1428,151,84,'2015-05-22 14:14:08'),(1429,108,45,'2016-10-21 19:41:40'),(1430,89,66,'2016-08-24 16:52:36'),(1431,104,31,'2017-06-28 10:24:40'),(1432,89,2,'2016-04-14 10:32:12'),(1433,152,73,'2019-07-11 06:33:36'),(1434,80,70,'2015-10-02 10:18:04'),(1435,73,7,'2016-08-24 16:56:12'),(1436,11,9,'2020-08-27 14:53:27'),(1437,149,79,'2020-04-28 08:45:18'),(1438,33,44,'2018-06-06 08:12:47'),(1439,113,90,'2015-11-05 23:54:42'),(1440,113,27,'2020-05-28 08:01:47'),(1441,69,11,'2015-08-02 01:31:27'),(1442,55,86,'2019-01-21 16:38:36'),(1443,89,92,'2015-07-10 15:45:16'),(1444,79,11,'2016-11-25 13:57:12'),(1445,127,50,'2016-09-20 07:36:52'),(1446,60,68,'2017-07-27 05:19:24'),(1447,31,86,'2016-06-17 12:53:02'),(1448,75,11,'2020-03-01 09:33:36'),(1449,142,93,'2018-06-06 18:15:36'),(1450,74,19,'2016-04-29 23:43:51'),(1451,89,89,'2016-12-01 00:59:04'),(1452,143,72,'2020-04-09 14:50:26'),(1453,118,2,'2017-08-07 08:21:37'),(1454,38,69,'2017-09-30 06:23:26'),(1455,63,87,'2020-08-10 15:58:59'),(1457,3,70,'2016-10-16 21:51:16'),(1458,105,90,'2018-08-07 22:26:02'),(1459,148,61,'2015-07-04 07:43:01'),(1460,102,5,'2018-03-09 04:23:37'),(1461,26,26,'2017-04-17 07:55:42'),(1462,95,69,'2016-07-31 11:34:17'),(1463,53,27,'2015-09-13 19:10:59'),(1464,93,21,'2019-04-29 22:18:42'),(1465,29,34,'2016-07-07 15:07:11'),(1466,46,96,'2021-01-23 17:46:30'),(1467,91,18,'2016-11-12 04:37:38'),(1468,115,3,'2017-08-06 02:55:17'),(1469,95,56,'2016-02-29 09:50:10'),(1470,79,1,'2018-08-04 01:31:37'),(1471,43,15,'2017-05-06 11:14:17'),(1472,103,68,'2015-08-18 12:43:12'),(1473,63,11,'2016-09-03 14:59:48'),(1474,75,16,'2021-02-27 21:56:03'),(1475,18,96,'2016-11-14 01:47:29'),(1476,111,76,'2017-05-02 00:15:56'),(1477,65,43,'2020-09-22 05:03:54'),(1478,1,73,'2018-08-14 09:38:21'),(1479,102,40,'2015-08-02 18:06:41'),(1480,139,89,'2018-07-14 22:45:02'),(1481,9,35,'2018-10-19 20:31:45'),(1482,15,67,'2017-03-04 19:30:18'),(1483,30,72,'2020-01-13 21:02:56'),(1484,43,23,'2015-08-23 07:50:24'),(1485,132,98,'2020-06-17 09:09:53'),(1486,155,41,'2016-06-21 07:24:51'),(1487,83,21,'2017-06-08 18:41:15'),(1488,152,75,'2016-07-18 08:18:22'),(1489,155,13,'2020-12-25 18:34:43'),(1490,160,87,'2016-05-19 05:05:07'),(1491,25,2,'2015-05-31 02:48:07'),(1492,72,67,'2018-06-25 07:51:54'),(1493,72,97,'2019-01-20 16:01:47'),(1494,49,42,'2018-08-09 17:39:51'),(1495,157,7,'2020-07-15 01:20:36'),(1496,93,51,'2019-10-01 10:50:03'),(1497,135,88,'2015-11-30 11:15:07'),(1498,9,22,'2016-10-12 08:52:07'),(1499,112,91,'2020-11-01 19:41:51'),(1500,29,88,'2020-10-30 08:59:33'),(1501,119,44,'2020-06-01 18:58:53'),(1502,4,63,'2018-05-18 05:02:23'),(1503,151,84,'2021-03-13 01:21:58'),(1504,98,38,'2017-11-03 00:49:18'),(1505,118,87,'2016-03-05 09:07:15'),(1506,147,28,'2017-12-05 04:15:02'),(1507,66,10,'2019-11-21 03:00:05'),(1508,2,94,'2018-07-16 11:21:56'),(1509,58,34,'2017-09-14 08:56:05'),(1510,7,25,'2017-07-28 19:41:18'),(1511,62,36,'2019-06-06 08:44:52'),(1512,97,7,'2017-04-21 17:47:05'),(1513,151,87,'2018-10-21 23:47:28'),(1514,37,100,'2020-11-22 02:42:45'),(1515,40,16,'2020-12-04 23:18:00'),(1516,157,19,'2020-09-26 21:28:25'),(1517,59,61,'2019-09-08 22:34:43'),(1518,159,12,'2020-11-22 09:35:00'),(1519,76,30,'2018-04-15 13:17:30'),(1520,34,2,'2019-04-28 22:49:11'),(1521,92,79,'2020-07-13 11:20:02'),(1522,89,47,'2017-07-28 21:19:17'),(1523,84,99,'2016-11-02 09:43:00'),(1524,37,99,'2016-02-22 17:43:47'),(1525,67,95,'2020-10-08 20:36:35'),(1526,101,73,'2016-07-08 10:58:11'),(1527,33,51,'2016-09-27 02:07:50'),(1528,42,6,'2018-10-24 10:51:17'),(1529,25,72,'2016-09-23 08:59:35'),(1530,103,7,'2017-10-09 21:30:44'),(1531,130,2,'2017-06-16 17:41:34'),(1532,147,14,'2018-08-23 09:02:17'),(1533,83,84,'2019-08-14 01:13:21'),(1534,122,42,'2020-12-06 12:06:35'),(1535,139,75,'2018-09-10 17:59:30'),(1536,50,81,'2015-05-05 14:44:24'),(1537,23,7,'2017-02-02 04:50:12'),(1538,95,94,'2018-03-15 13:04:24'),(1539,131,82,'2018-07-09 11:58:05'),(1540,91,78,'2016-10-08 05:43:53'),(1541,119,49,'2018-11-09 01:51:49'),(1542,33,47,'2016-11-07 01:14:05'),(1543,115,91,'2018-04-04 09:41:37'),(1544,42,56,'2019-07-05 05:52:30'),(1545,57,43,'2015-08-26 09:24:16'),(1546,146,64,'2016-03-10 14:30:32'),(1547,23,54,'2018-09-03 05:26:30'),(1548,131,48,'2017-09-03 16:47:33'),(1549,158,43,'2017-01-10 04:44:55'),(1550,66,64,'2016-10-13 06:28:35'),(1551,42,25,'2017-07-05 03:14:49'),(1552,66,69,'2015-12-21 05:54:58'),(1553,105,21,'2017-11-22 04:57:01'),(1554,146,82,'2020-04-29 16:06:53'),(1555,26,12,'2020-11-04 02:49:59'),(1556,83,98,'2016-02-12 22:55:58'),(1557,146,97,'2020-05-30 19:16:31'),(1558,70,56,'2020-09-12 12:41:18'),(1559,137,8,'2021-01-13 14:43:38'),(1560,90,17,'2015-12-19 20:40:56'),(1561,57,37,'2019-01-29 20:20:24'),(1562,71,79,'2020-05-19 00:45:51'),(1563,17,57,'2017-07-18 23:54:44'),(1564,128,90,'2017-02-27 06:22:47'),(1565,81,92,'2017-10-28 17:16:21'),(1566,81,97,'2016-06-05 04:20:03'),(1567,24,63,'2019-03-25 02:57:50'),(1568,105,26,'2019-09-28 10:55:39'),(1569,122,7,'2019-10-19 06:51:26'),(1570,50,41,'2018-07-18 10:36:53'),(1571,65,43,'2017-12-31 17:36:47'),(1572,9,68,'2019-01-15 17:19:54'),(1573,91,48,'2019-12-24 18:55:49'),(1574,82,48,'2015-08-30 03:46:01'),(1575,153,38,'2020-09-19 19:09:17'),(1576,9,38,'2017-09-15 21:35:03'),(1577,100,26,'2016-12-12 11:34:03'),(1578,137,29,'2016-04-16 02:11:46'),(1579,74,52,'2021-03-04 09:23:19'),(1580,36,45,'2018-02-01 01:27:55'),(1581,72,41,'2017-06-24 12:16:17'),(1582,89,81,'2017-10-23 18:04:18'),(1583,156,8,'2015-05-25 14:39:20'),(1584,112,85,'2020-01-04 04:10:24'),(1585,26,7,'2020-11-03 10:00:39'),(1586,24,71,'2017-01-23 22:38:42'),(1587,99,82,'2019-04-05 20:18:11'),(1588,77,41,'2017-12-27 18:41:31'),(1589,79,18,'2016-11-02 17:39:40'),(1590,54,63,'2020-10-17 17:20:28'),(1591,44,86,'2020-06-12 18:49:57'),(1592,34,80,'2018-08-19 03:15:03'),(1593,98,62,'2016-06-25 16:52:00'),(1594,79,52,'2017-02-02 11:41:33'),(1595,64,72,'2020-09-03 16:58:21'),(1596,108,25,'2019-02-03 10:53:48'),(1597,110,34,'2018-02-08 12:40:33'),(1598,94,3,'2017-12-05 15:48:03'),(1599,22,21,'2019-12-31 02:05:14'),(1600,135,3,'2019-01-30 20:08:41'),(1601,38,95,'2020-02-03 07:34:21'),(1602,104,50,'2016-02-03 10:32:21'),(1603,107,27,'2016-08-23 15:05:24'),(1604,84,86,'2019-08-16 04:56:33'),(1605,146,16,'2021-01-22 12:33:13'),(1606,113,85,'2019-04-27 09:03:04'),(1607,155,45,'2018-01-31 16:42:23'),(1608,73,59,'2017-02-20 17:29:20'),(1609,89,1,'2016-02-13 22:26:09'),(1610,79,27,'2019-09-29 20:49:25'),(1611,44,89,'2017-05-08 21:55:17'),(1612,140,30,'2018-02-03 08:14:49'),(1613,46,1,'2017-03-08 08:34:55'),(1614,110,94,'2016-04-24 03:16:47'),(1615,113,40,'2020-07-29 23:45:50'),(1616,128,92,'2020-12-08 22:05:29'),(1617,18,3,'2015-11-05 00:16:33'),(1618,138,86,'2018-10-04 16:12:57'),(1619,113,59,'2019-02-22 17:21:47'),(1620,21,75,'2018-03-23 23:16:44'),(1621,31,67,'2018-05-14 01:24:57'),(1622,22,98,'2015-12-05 18:21:12'),(1623,157,72,'2021-01-02 00:37:48'),(1624,90,18,'2018-05-02 05:12:06'),(1625,109,93,'2019-03-21 09:13:41'),(1626,136,67,'2019-11-13 15:38:50'),(1627,119,6,'2020-06-17 11:39:45'),(1628,155,11,'2015-08-02 20:28:53'),(1629,90,50,'2018-11-26 04:31:51'),(1630,65,63,'2020-08-20 18:19:15'),(1631,75,18,'2019-05-12 15:07:22'),(1632,51,6,'2019-07-26 05:45:44'),(1633,123,4,'2018-07-09 16:33:11'),(1634,148,91,'2018-07-31 02:35:23'),(1635,33,60,'2016-02-10 20:24:03'),(1636,147,56,'2015-05-22 07:20:45'),(1637,3,35,'2019-03-03 08:38:14'),(1638,51,24,'2016-09-01 06:15:37'),(1639,124,36,'2016-05-27 14:30:00'),(1640,115,86,'2016-09-07 14:49:47'),(1641,117,54,'2018-11-21 15:45:33'),(1642,77,1,'2017-04-10 19:25:07'),(1643,37,23,'2020-04-09 10:55:32'),(1644,82,50,'2016-07-10 05:29:00'),(1645,30,25,'2018-04-06 03:45:03'),(1646,56,87,'2020-07-07 11:24:53'),(1647,36,30,'2020-09-04 06:55:56'),(1648,136,94,'2020-08-12 09:31:38'),(1649,70,10,'2019-10-26 11:57:05'),(1650,146,83,'2016-01-09 16:17:08'),(1651,67,67,'2017-02-15 06:41:04'),(1652,117,7,'2016-05-02 17:40:34'),(1653,119,1,'2020-11-13 05:26:18'),(1654,23,27,'2016-06-05 07:16:28'),(1655,131,6,'2015-12-30 05:10:05'),(1657,32,68,'2015-05-13 13:07:39'),(1658,116,21,'2019-05-26 11:14:38'),(1659,65,61,'2017-11-22 01:56:53'),(1660,66,7,'2015-12-08 09:07:12'),(1661,61,46,'2016-07-26 00:51:58'),(1662,31,19,'2019-09-13 10:04:56'),(1663,135,75,'2015-10-15 08:55:22'),(1664,16,6,'2016-04-18 23:28:42'),(1665,45,94,'2018-10-20 03:44:04'),(1666,139,39,'2017-12-29 05:20:53'),(1667,19,80,'2018-03-28 00:38:51'),(1668,117,92,'2015-12-24 20:18:17'),(1669,25,45,'2015-10-04 12:41:32'),(1670,99,6,'2015-07-09 11:39:28'),(1671,104,79,'2020-11-21 05:19:21'),(1672,87,38,'2018-12-27 00:45:02'),(1673,102,9,'2016-12-07 20:53:44'),(1674,89,50,'2018-04-14 15:20:15'),(1675,18,59,'2019-05-24 23:06:41'),(1676,101,65,'2020-11-23 06:39:19'),(1677,127,4,'2019-03-06 21:03:13'),(1678,2,35,'2017-11-15 22:24:46'),(1679,36,73,'2016-07-06 10:00:49'),(1680,119,72,'2019-07-04 15:56:27'),(1681,16,82,'2020-11-15 10:46:27'),(1682,55,16,'2018-09-26 15:09:34'),(1683,34,54,'2015-09-25 04:35:07'),(1684,48,43,'2018-11-29 10:33:33'),(1685,9,49,'2020-03-30 00:09:01'),(1686,39,15,'2017-05-14 02:11:09'),(1687,26,30,'2016-08-31 19:35:18'),(1688,116,1,'2015-11-29 04:29:44'),(1689,96,10,'2020-02-11 20:49:25'),(1690,96,42,'2019-10-31 03:44:33'),(1691,91,54,'2017-08-02 13:21:10'),(1692,113,60,'2019-01-03 16:38:48'),(1693,15,15,'2021-01-21 04:17:10'),(1694,140,22,'2021-02-22 04:36:05'),(1695,81,81,'2015-06-08 19:15:34'),(1696,59,99,'2016-02-05 19:36:16'),(1697,153,63,'2018-11-09 01:21:16'),(1698,72,23,'2018-11-13 05:04:10'),(1699,154,60,'2016-07-18 06:23:44'),(1700,140,96,'2016-09-10 01:52:48'),(1701,2,81,'2018-07-01 23:19:29'),(1702,42,92,'2021-03-13 00:05:38'),(1703,26,83,'2017-06-21 11:36:24'),(1704,149,34,'2020-03-24 18:51:47'),(1705,44,53,'2015-09-20 20:36:19'),(1706,121,83,'2020-04-08 07:32:52'),(1707,109,97,'2021-03-04 09:02:05'),(1708,94,11,'2017-12-09 07:38:28'),(1709,34,64,'2016-09-28 20:12:42'),(1710,83,22,'2020-06-20 15:14:46'),(1711,115,88,'2019-02-08 00:42:24'),(1712,47,13,'2018-10-14 14:54:22'),(1713,148,59,'2015-05-24 09:31:16'),(1714,32,40,'2017-01-25 11:59:54'),(1715,158,18,'2017-12-10 16:32:21'),(1716,84,18,'2017-04-14 07:48:43'),(1717,36,97,'2017-04-07 22:33:12'),(1718,66,73,'2019-02-26 02:26:27'),(1719,5,68,'2016-11-07 01:39:21'),(1720,72,96,'2017-05-12 10:04:00'),(1721,113,20,'2020-12-04 06:28:40'),(1722,18,60,'2019-07-14 11:17:57'),(1723,134,52,'2019-07-23 22:10:24'),(1724,124,24,'2017-12-21 14:04:49'),(1725,78,88,'2015-11-10 12:59:31'),(1726,109,62,'2015-12-11 07:49:49'),(1727,50,42,'2016-10-23 09:17:11'),(1728,3,79,'2020-11-24 08:03:06'),(1729,146,49,'2021-01-17 21:30:36'),(1730,26,8,'2015-06-05 20:30:21'),(1731,160,2,'2016-05-06 23:06:36'),(1732,119,60,'2020-02-16 15:08:36'),(1733,89,67,'2018-08-01 15:29:52'),(1734,138,93,'2017-03-16 17:10:10'),(1735,6,24,'2020-11-06 00:27:53'),(1736,104,27,'2019-08-12 07:55:37'),(1737,81,7,'2020-03-08 23:21:02'),(1738,15,57,'2020-11-14 06:05:01'),(1739,68,69,'2016-09-05 17:28:37'),(1740,30,91,'2017-04-02 06:14:41'),(1741,90,47,'2020-11-20 11:54:15'),(1742,47,77,'2019-09-04 01:53:50'),(1743,17,12,'2020-05-18 06:53:03'),(1744,70,21,'2015-10-02 13:50:26'),(1745,18,50,'2019-12-25 09:39:39'),(1746,87,47,'2019-08-22 15:53:36'),(1747,6,24,'2017-01-12 11:35:44'),(1748,45,84,'2016-10-23 19:24:30'),(1749,149,85,'2017-08-19 23:21:59'),(1750,12,91,'2016-07-05 19:43:03'),(1751,3,68,'2020-03-21 13:35:56'),(1753,48,82,'2018-07-22 17:57:11'),(1754,31,38,'2016-10-16 10:04:45'),(1755,14,65,'2018-11-10 05:38:51'),(1756,47,97,'2016-10-19 07:06:42'),(1757,115,61,'2017-12-28 03:43:34'),(1758,140,30,'2018-05-01 06:24:24'),(1759,113,40,'2016-06-16 05:57:55'),(1760,7,94,'2017-11-11 19:43:04'),(1761,113,53,'2018-09-21 17:48:16'),(1762,143,23,'2018-10-20 14:58:45'),(1763,144,85,'2016-08-14 06:35:38'),(1764,31,30,'2017-04-03 21:08:35'),(1765,72,74,'2021-02-03 23:02:37'),(1766,132,26,'2020-09-10 12:54:01'),(1767,111,14,'2018-12-18 04:28:54'),(1768,18,64,'2017-05-27 16:49:05'),(1769,140,84,'2020-09-11 07:45:24'),(1770,35,58,'2018-04-04 21:26:21'),(1771,100,3,'2019-10-08 21:02:15'),(1772,153,72,'2016-12-15 01:58:50'),(1773,151,78,'2016-01-14 03:54:04'),(1774,1,38,'2019-11-17 22:40:28'),(1775,155,17,'2018-04-11 14:46:49'),(1776,158,79,'2016-06-01 14:59:20'),(1777,34,90,'2017-10-28 15:42:52'),(1778,5,39,'2018-08-25 18:43:01'),(1779,121,27,'2018-07-20 07:33:07'),(1780,130,94,'2015-07-30 14:43:12'),(1781,132,28,'2018-09-12 12:03:19'),(1782,94,99,'2019-08-23 01:13:37'),(1783,122,43,'2020-11-21 03:04:49'),(1784,150,18,'2018-05-29 20:49:51'),(1785,111,6,'2019-12-10 08:01:28'),(1786,87,47,'2017-05-11 10:44:27'),(1787,70,98,'2017-07-16 14:44:31'),(1788,114,90,'2020-04-18 02:35:51'),(1789,110,46,'2015-11-06 01:52:21'),(1790,26,87,'2020-09-13 10:40:54'),(1791,159,29,'2017-01-23 08:54:05'),(1792,6,29,'2019-09-02 21:34:22'),(1793,81,22,'2020-01-18 18:16:14'),(1794,122,13,'2020-01-03 11:44:42'),(1795,146,97,'2018-08-31 13:01:28'),(1796,51,51,'2017-12-23 14:59:52'),(1797,104,78,'2018-07-26 21:01:38'),(1798,143,8,'2017-09-05 21:15:12'),(1799,86,73,'2017-05-16 04:17:46'),(1800,127,64,'2018-06-28 14:49:52'),(1801,61,99,'2019-02-10 22:22:44'),(1802,114,3,'2018-11-14 04:30:41'),(1803,8,74,'2015-10-15 12:31:51'),(1804,9,49,'2018-10-16 10:13:53'),(1805,116,88,'2019-06-22 22:40:32'),(1806,13,67,'2019-10-10 19:47:38'),(1807,146,85,'2019-03-25 16:03:15'),(1808,144,6,'2015-08-08 05:59:58'),(1809,42,3,'2016-10-10 14:56:46'),(1810,32,5,'2015-11-09 17:50:33'),(1811,26,66,'2019-07-10 05:29:08'),(1812,49,3,'2017-01-09 07:00:38'),(1813,78,73,'2017-02-15 03:42:26'),(1814,100,39,'2019-03-24 06:36:54'),(1815,27,98,'2017-08-20 07:03:53'),(1816,21,43,'2021-01-24 00:35:23'),(1817,100,14,'2019-05-29 14:51:53'),(1818,152,92,'2018-07-07 09:39:58'),(1820,88,77,'2019-01-08 12:50:47'),(1821,159,11,'2018-05-04 20:20:44'),(1822,13,1,'2019-04-24 00:17:55'),(1823,99,5,'2020-04-21 21:34:04'),(1824,61,39,'2016-06-25 20:03:14'),(1825,86,95,'2017-12-17 20:40:39'),(1826,102,25,'2019-02-20 04:20:09'),(1827,6,7,'2020-07-30 16:45:29'),(1828,156,92,'2018-05-14 07:53:36'),(1829,44,2,'2020-08-28 22:18:14'),(1830,2,78,'2021-01-30 00:57:01'),(1831,45,97,'2016-04-23 18:57:01'),(1832,22,9,'2020-09-01 05:00:42'),(1833,105,3,'2015-07-03 01:19:04'),(1834,156,87,'2017-11-10 00:39:55'),(1835,129,33,'2015-09-03 08:29:04'),(1836,103,33,'2015-05-09 01:32:12'),(1837,146,61,'2020-04-21 15:20:29'),(1838,80,52,'2016-07-26 09:12:28'),(1839,83,71,'2018-05-20 09:07:32'),(1840,64,24,'2020-12-27 03:06:56'),(1841,75,98,'2016-10-12 21:18:41'),(1842,95,60,'2017-05-29 10:19:16'),(1843,34,47,'2015-06-21 20:46:58'),(1844,89,22,'2015-09-12 10:03:42'),(1845,141,10,'2016-09-28 21:04:15'),(1846,4,87,'2015-05-29 12:16:49'),(1847,14,23,'2017-05-15 07:18:00'),(1848,7,92,'2019-05-28 08:46:10'),(1849,133,15,'2017-10-17 07:03:28'),(1850,65,60,'2015-06-06 18:05:31'),(1851,64,66,'2020-03-24 06:23:50'),(1852,84,1,'2015-12-11 10:49:17'),(1853,143,41,'2015-06-30 20:01:33'),(1854,108,68,'2020-03-19 04:46:34'),(1855,118,75,'2015-09-04 20:54:49'),(1856,1,91,'2020-02-05 03:21:04'),(1857,87,7,'2020-06-09 11:07:33'),(1858,5,40,'2020-09-07 06:41:11'),(1859,44,1,'2020-11-19 09:09:53'),(1860,33,75,'2021-02-23 10:52:34'),(1861,2,77,'2015-12-20 11:59:51'),(1862,29,56,'2018-10-02 12:28:09'),(1863,52,27,'2018-09-28 11:27:54'),(1864,64,17,'2016-03-24 05:01:39'),(1865,61,75,'2015-06-24 23:51:15'),(1866,81,87,'2019-04-13 17:17:57'),(1867,130,25,'2016-12-16 00:02:40'),(1868,92,38,'2017-07-06 05:26:07'),(1869,35,17,'2015-06-18 12:09:14'),(1870,123,11,'2015-05-05 05:34:28'),(1871,159,82,'2020-11-19 00:31:20'),(1872,54,17,'2019-06-29 18:59:52'),(1873,19,46,'2019-06-26 06:32:00'),(1874,28,11,'2017-09-18 08:47:01'),(1875,105,41,'2020-09-09 09:25:48'),(1877,31,79,'2017-04-19 05:54:34'),(1878,50,65,'2020-11-17 10:22:04'),(1879,98,12,'2019-06-29 19:13:18'),(1880,97,4,'2019-07-01 02:06:57'),(1881,121,29,'2017-10-12 10:01:31'),(1882,111,61,'2020-12-24 04:53:25'),(1883,49,73,'2018-07-20 03:29:10'),(1884,85,79,'2020-05-15 11:52:12'),(1885,61,40,'2019-02-02 10:00:11'),(1886,119,18,'2019-01-02 23:30:57'),(1887,117,38,'2016-07-16 00:40:54'),(1888,72,33,'2016-03-30 13:58:17'),(1889,127,25,'2016-04-12 04:55:20'),(1890,122,32,'2017-05-02 15:48:31'),(1891,131,4,'2016-08-12 01:23:14'),(1892,75,42,'2015-09-25 16:37:17'),(1893,43,21,'2019-05-24 16:03:21'),(1894,1,90,'2016-10-03 15:31:34'),(1895,109,57,'2016-03-03 14:34:28'),(1896,142,43,'2021-02-24 11:24:15'),(1897,29,26,'2018-05-02 22:24:30'),(1898,110,69,'2018-10-15 14:56:27'),(1899,83,53,'2017-09-18 16:35:21'),(1900,5,68,'2016-11-18 23:14:05'),(1901,125,85,'2015-12-12 03:31:02'),(1902,39,49,'2019-08-23 04:59:35'),(1903,24,11,'2017-05-11 23:31:25'),(1904,2,86,'2018-06-11 15:45:01'),(1905,88,30,'2018-11-30 17:17:27'),(1906,149,95,'2018-01-08 00:18:52'),(1907,75,87,'2018-01-11 06:48:39'),(1908,102,78,'2020-10-03 18:13:16'),(1909,158,96,'2016-09-08 07:47:04'),(1910,92,42,'2017-08-17 17:22:11'),(1911,47,8,'2016-11-08 00:36:22'),(1912,146,75,'2016-01-22 08:01:56'),(1913,127,66,'2020-04-17 23:27:14'),(1914,42,83,'2020-04-16 06:17:00'),(1915,111,27,'2019-05-06 18:09:59'),(1916,67,41,'2020-07-10 09:05:33'),(1917,151,48,'2017-06-20 00:04:28'),(1918,115,23,'2016-05-01 06:12:19'),(1919,124,73,'2019-10-28 15:54:51'),(1920,156,94,'2017-02-09 22:03:56'),(1921,8,80,'2016-08-25 23:41:47'),(1922,88,51,'2016-08-05 13:23:47'),(1923,133,71,'2017-09-11 05:00:14'),(1924,158,23,'2017-06-19 17:56:25'),(1925,93,43,'2018-12-02 11:48:05'),(1926,6,90,'2020-12-22 14:17:48'),(1927,124,100,'2021-01-01 21:11:25'),(1928,52,73,'2020-11-14 00:10:21'),(1929,49,42,'2020-02-12 18:24:10'),(1930,47,64,'2016-10-01 04:36:26'),(1931,95,8,'2019-11-12 00:56:20'),(1932,58,32,'2016-01-19 23:58:59'),(1933,143,22,'2017-02-17 06:12:36'),(1934,78,32,'2016-04-11 16:12:40'),(1935,26,47,'2020-07-24 23:32:12'),(1936,20,47,'2020-12-21 06:09:39'),(1937,77,87,'2016-01-20 17:18:19'),(1938,129,44,'2019-09-16 05:09:16'),(1939,118,44,'2017-05-13 06:58:03'),(1940,21,62,'2018-04-07 04:29:04'),(1941,81,41,'2018-01-03 10:37:52'),(1942,92,5,'2019-12-02 00:48:46'),(1943,57,45,'2018-06-13 05:16:54'),(1944,85,57,'2017-02-27 09:04:50'),(1945,47,94,'2021-01-06 14:40:08'),(1946,53,1,'2020-08-06 07:12:51'),(1947,12,75,'2018-09-18 01:10:30'),(1948,24,97,'2016-06-11 17:20:36'),(1949,154,91,'2016-08-26 20:18:07'),(1950,19,48,'2018-08-09 10:35:30'),(1951,153,29,'2015-12-12 01:09:45'),(1952,25,38,'2020-05-16 07:08:55'),(1953,1,56,'2021-01-06 17:21:59'),(1954,43,91,'2016-11-07 02:29:50'),(1955,88,9,'2017-08-31 17:29:52'),(1956,156,25,'2016-07-21 17:06:30'),(1957,81,15,'2020-05-04 18:09:32'),(1958,19,55,'2019-01-12 00:34:49'),(1959,9,84,'2018-10-20 05:32:07'),(1960,122,91,'2015-09-10 11:02:47'),(1961,90,98,'2018-07-07 23:44:16'),(1962,18,76,'2018-05-21 22:39:35'),(1963,105,63,'2021-01-22 03:11:48'),(1964,71,57,'2017-02-15 05:06:53'),(1965,37,6,'2018-11-29 01:05:43'),(1966,72,32,'2016-01-21 23:14:32'),(1967,54,9,'2020-01-07 02:02:12'),(1968,143,26,'2018-11-24 21:34:05'),(1969,137,53,'2019-02-12 14:50:25'),(1970,88,90,'2017-08-31 18:36:32'),(1971,95,69,'2015-08-27 09:38:02'),(1972,32,69,'2015-11-01 01:27:16'),(1973,118,25,'2016-11-16 11:28:51'),(1974,34,36,'2015-08-31 14:09:05'),(1975,121,60,'2018-04-04 21:25:34'),(1976,137,7,'2017-03-07 01:47:14'),(1977,132,43,'2015-10-19 01:46:05'),(1978,59,94,'2018-01-05 12:35:25'),(1979,138,97,'2015-07-23 18:45:29'),(1980,52,29,'2020-03-18 17:07:49'),(1981,19,74,'2015-06-25 14:29:17'),(1982,116,5,'2019-02-15 06:09:37'),(1983,111,86,'2016-03-01 20:26:53'),(1984,11,26,'2019-12-02 20:52:12'),(1985,24,89,'2018-02-02 04:07:02'),(1986,94,38,'2015-05-11 15:05:15'),(1987,130,54,'2018-12-26 00:11:45'),(1988,15,93,'2015-11-01 12:49:39'),(1989,13,28,'2018-09-06 00:39:39'),(1990,31,58,'2018-10-12 21:55:56'),(1991,151,25,'2016-08-22 20:47:24'),(1992,25,49,'2017-06-08 23:15:53'),(1993,16,70,'2016-01-13 15:03:51'),(1994,49,19,'2018-06-05 14:38:14'),(1995,149,12,'2016-11-30 13:06:16'),(1996,150,82,'2019-11-12 06:43:18'),(1997,9,21,'2015-07-24 03:24:23'),(1998,42,26,'2020-07-24 05:58:39'),(1999,157,77,'2017-03-23 04:46:47'),(2000,1,81,'2020-11-23 15:04:35');
/*!40000 ALTER TABLE `history` ENABLE KEYS */;
UNLOCK TABLES;
/*!50003 SET @saved_cs_client      = @@character_set_client */ ;
/*!50003 SET @saved_cs_results     = @@character_set_results */ ;
/*!50003 SET @saved_col_connection = @@collation_connection */ ;
/*!50003 SET character_set_client  = utf8mb4 */ ;
/*!50003 SET character_set_results = utf8mb4 */ ;
/*!50003 SET collation_connection  = utf8mb4_0900_ai_ci */ ;
/*!50003 SET @saved_sql_mode       = @@sql_mode */ ;
/*!50003 SET sql_mode              = 'STRICT_TRANS_TABLES,NO_ENGINE_SUBSTITUTION' */ ;
DELIMITER ;;
/*!50003 CREATE*/ /*!50017 DEFINER=`root`@`localhost`*/ /*!50003 TRIGGER `history_BEFORE_INSERT` BEFORE INSERT ON `history` FOR EACH ROW BEGIN
	IF NEW.heared_at > NOW() THEN
		SIGNAL SQLSTATE '45000'
        SET MESSAGE_TEXT = 'Cannot insert future time';
	END IF;
END */;;
DELIMITER ;
/*!50003 SET sql_mode              = @saved_sql_mode */ ;
/*!50003 SET character_set_client  = @saved_cs_client */ ;
/*!50003 SET character_set_results = @saved_cs_results */ ;
/*!50003 SET collation_connection  = @saved_col_connection */ ;

--
-- Table structure for table `playlists`
--

DROP TABLE IF EXISTS `playlists`;
/*!40101 SET @saved_cs_client     = @@character_set_client */;
/*!50503 SET character_set_client = utf8mb4 */;
CREATE TABLE `playlists` (
  `playlist_id` int unsigned NOT NULL AUTO_INCREMENT,
  `users_id` int unsigned NOT NULL,
  `title` varchar(245) DEFAULT NULL,
  `description` text,
  `playlist_type` enum('1','2') DEFAULT NULL COMMENT '1 = private\n2 = public',
  PRIMARY KEY (`playlist_id`),
  KEY `fk_playlists_profiles1_idx` (`users_id`),
  CONSTRAINT `fk_playlists_profiles1` FOREIGN KEY (`users_id`) REFERENCES `profiles` (`user_id`)
) ENGINE=InnoDB AUTO_INCREMENT=82 DEFAULT CHARSET=utf8mb4 COLLATE=utf8mb4_0900_ai_ci;
/*!40101 SET character_set_client = @saved_cs_client */;

--
-- Dumping data for table `playlists`
--

LOCK TABLES `playlists` WRITE;
/*!40000 ALTER TABLE `playlists` DISABLE KEYS */;
INSERT INTO `playlists` VALUES (1,96,NULL,NULL,'2'),(2,1,NULL,NULL,'1'),(3,19,NULL,NULL,'1'),(4,91,NULL,NULL,'1'),(5,83,NULL,NULL,'2'),(6,37,NULL,NULL,'2'),(7,91,NULL,NULL,'1'),(8,17,NULL,NULL,'1'),(9,52,NULL,NULL,'2'),(10,95,NULL,NULL,'2'),(11,41,NULL,NULL,'2'),(12,4,NULL,NULL,'1'),(13,20,NULL,NULL,'1'),(14,88,NULL,NULL,'1'),(15,58,NULL,NULL,'2'),(16,45,NULL,NULL,'2'),(17,53,NULL,NULL,'1'),(18,37,NULL,NULL,'2'),(19,13,NULL,NULL,'1'),(20,77,NULL,NULL,'1'),(21,74,NULL,NULL,'1'),(22,69,NULL,NULL,'2'),(23,84,NULL,NULL,'1'),(24,59,NULL,NULL,'2'),(25,55,NULL,NULL,'1'),(26,75,NULL,NULL,'2'),(27,44,NULL,NULL,'1'),(28,19,NULL,NULL,'2'),(29,92,NULL,NULL,'2'),(30,24,NULL,NULL,'2'),(31,23,NULL,NULL,'1'),(32,23,NULL,NULL,'1'),(33,94,NULL,NULL,'1'),(34,94,NULL,NULL,'1'),(35,9,NULL,NULL,'2'),(36,23,NULL,NULL,'2'),(37,50,NULL,NULL,'1'),(38,95,NULL,NULL,'2'),(39,57,NULL,NULL,'2'),(40,7,NULL,NULL,'1'),(41,6,NULL,NULL,'2'),(42,66,NULL,NULL,'1'),(43,91,NULL,NULL,'1'),(44,17,NULL,NULL,'2'),(45,4,NULL,NULL,'1'),(46,22,NULL,NULL,'1'),(47,66,NULL,NULL,'1'),(48,18,NULL,NULL,'1'),(49,67,NULL,NULL,'1'),(50,13,NULL,NULL,'1'),(51,44,NULL,NULL,'1'),(52,28,NULL,NULL,'1'),(53,18,NULL,NULL,'1'),(54,7,NULL,NULL,'1'),(55,66,NULL,NULL,'2'),(56,65,NULL,NULL,'1'),(57,16,NULL,NULL,'2'),(58,38,NULL,NULL,'2'),(59,63,NULL,NULL,'1'),(60,79,NULL,NULL,'2'),(61,24,NULL,NULL,'2'),(62,37,NULL,NULL,'1'),(63,2,NULL,NULL,'1'),(64,59,NULL,NULL,'2'),(65,15,NULL,NULL,'1'),(66,88,NULL,NULL,'1'),(67,97,NULL,NULL,'1'),(68,70,NULL,NULL,'1'),(69,31,NULL,NULL,'2'),(70,51,NULL,NULL,'1'),(71,29,NULL,NULL,'2'),(72,53,NULL,NULL,'2'),(73,76,NULL,NULL,'1'),(74,23,NULL,NULL,'1'),(75,35,NULL,NULL,'2'),(76,55,NULL,NULL,'1'),(77,79,NULL,NULL,'2'),(78,54,NULL,NULL,'1'),(79,4,NULL,NULL,'2'),(80,59,NULL,NULL,'2'),(81,5,NULL,NULL,'1');
/*!40000 ALTER TABLE `playlists` ENABLE KEYS */;
UNLOCK TABLES;

--
-- Table structure for table `playlists_tracks`
--

DROP TABLE IF EXISTS `playlists_tracks`;
/*!40101 SET @saved_cs_client     = @@character_set_client */;
/*!50503 SET character_set_client = utf8mb4 */;
CREATE TABLE `playlists_tracks` (
  `playlist_id` int unsigned NOT NULL,
  `track_id` int unsigned NOT NULL,
  PRIMARY KEY (`playlist_id`,`track_id`),
  KEY `fk_playlists_tracks_playlists1_idx` (`playlist_id`),
  KEY `fk_playlists_tracks_tracks1_idx` (`track_id`),
  CONSTRAINT `fk_playlists_tracks_playlists1` FOREIGN KEY (`playlist_id`) REFERENCES `playlists` (`playlist_id`),
  CONSTRAINT `fk_playlists_tracks_tracks1` FOREIGN KEY (`track_id`) REFERENCES `tracks` (`track_id`)
) ENGINE=InnoDB DEFAULT CHARSET=utf8mb4 COLLATE=utf8mb4_0900_ai_ci;
/*!40101 SET character_set_client = @saved_cs_client */;

--
-- Dumping data for table `playlists_tracks`
--

LOCK TABLES `playlists_tracks` WRITE;
/*!40000 ALTER TABLE `playlists_tracks` DISABLE KEYS */;
INSERT INTO `playlists_tracks` VALUES (1,2),(1,7),(1,10),(1,12),(1,14),(1,16),(1,19),(1,20),(1,21),(1,22),(1,23),(1,30),(1,37),(1,40),(1,44),(1,45),(1,49),(1,51),(1,53),(1,54),(1,57),(1,58),(1,61),(1,62),(1,63),(1,66),(1,70),(1,71),(1,73),(1,75),(1,80),(1,90),(1,91),(1,92),(1,93),(1,95),(1,97),(1,100),(1,101),(1,102),(1,104),(1,109),(1,112),(1,114),(1,115),(1,116),(1,120),(1,121),(1,122),(1,125),(1,126),(1,127),(1,128),(1,129),(1,130),(1,131),(1,132),(1,136),(1,142),(1,143),(1,144),(1,147),(1,152),(1,156),(1,157),(2,7),(2,9),(2,11),(2,12),(2,16),(2,21),(2,24),(2,27),(2,29),(2,36),(2,47),(2,48),(2,50),(2,53),(2,62),(2,64),(2,67),(2,69),(2,70),(2,71),(2,73),(2,85),(2,87),(2,93),(2,94),(2,95),(2,96),(2,99),(2,100),(2,108),(2,110),(2,113),(2,114),(2,115),(2,116),(2,121),(2,123),(2,124),(2,128),(2,133),(2,137),(2,145),(2,147),(2,148),(2,149),(2,150),(2,152),(2,153),(2,156),(3,1),(3,2),(3,4),(3,5),(3,10),(3,12),(3,13),(3,14),(3,16),(3,18),(3,19),(3,20),(3,26),(3,30),(3,36),(3,41),(3,45),(3,46),(3,47),(3,50),(3,53),(3,55),(3,56),(3,66),(3,72),(3,76),(3,77),(3,81),(3,86),(3,88),(3,89),(3,94),(3,96),(3,97),(3,101),(3,102),(3,105),(3,111),(3,113),(3,117),(3,128),(3,133),(3,137),(3,138),(3,140),(3,143),(3,146),(3,150),(3,151),(3,152),(3,153),(3,157),(4,1),(4,3),(4,5),(4,16),(4,18),(4,19),(4,20),(4,24),(4,29),(4,30),(4,32),(4,36),(4,38),(4,49),(4,51),(4,52),(4,62),(4,63),(4,65),(4,67),(4,68),(4,70),(4,74),(4,76),(4,87),(4,91),(4,94),(4,97),(4,98),(4,101),(4,109),(4,110),(4,111),(4,116),(4,118),(4,127),(4,128),(4,129),(4,131),(4,132),(4,133),(4,134),(4,137),(4,140),(4,143),(4,144),(4,145),(4,147),(4,148),(4,150),(4,153),(4,155),(4,157),(5,3),(5,5),(5,7),(5,8),(5,11),(5,15),(5,23),(5,24),(5,25),(5,29),(5,37),(5,38),(5,40),(5,41),(5,45),(5,46),(5,49),(5,51),(5,53),(5,58),(5,61),(5,69),(5,75),(5,80),(5,82),(5,85),(5,89),(5,90),(5,92),(5,94),(5,98),(5,100),(5,102),(5,104),(5,105),(5,109),(5,110),(5,113),(5,114),(5,116),(5,117),(5,121),(5,123),(5,126),(5,129),(5,130),(5,131),(5,132),(5,133),(5,141),(5,147),(5,148),(5,153),(5,158),(6,3),(6,5),(6,9),(6,10),(6,12),(6,17),(6,21),(6,25),(6,26),(6,27),(6,31),(6,32),(6,40),(6,43),(6,45),(6,55),(6,59),(6,62),(6,63),(6,66),(6,70),(6,71),(6,73),(6,76),(6,77),(6,79),(6,81),(6,85),(6,86),(6,88),(6,94),(6,98),(6,106),(6,107),(6,110),(6,111),(6,112),(6,117),(6,126),(6,135),(6,137),(6,138),(6,140),(6,141),(6,145),(6,149),(6,152),(6,154),(6,155),(6,157),(7,3),(7,4),(7,11),(7,13),(7,14),(7,15),(7,21),(7,24),(7,26),(7,28),(7,31),(7,33),(7,35),(7,37),(7,44),(7,54),(7,59),(7,63),(7,64),(7,65),(7,68),(7,70),(7,71),(7,76),(7,77),(7,80),(7,87),(7,88),(7,89),(7,91),(7,94),(7,95),(7,97),(7,99),(7,105),(7,109),(7,110),(7,111),(7,113),(7,118),(7,120),(7,123),(7,124),(7,125),(7,130),(7,131),(7,135),(7,138),(7,143),(7,146),(7,147),(7,154),(7,156),(8,2),(8,3),(8,6),(8,7),(8,8),(8,12),(8,13),(8,14),(8,16),(8,21),(8,26),(8,30),(8,33),(8,40),(8,55),(8,59),(8,60),(8,62),(8,63),(8,66),(8,69),(8,70),(8,74),(8,81),(8,84),(8,87),(8,90),(8,91),(8,93),(8,94),(8,101),(8,102),(8,104),(8,105),(8,107),(8,114),(8,129),(8,130),(8,131),(8,132),(8,136),(8,139),(8,141),(8,143),(8,147),(8,148),(8,150),(8,151),(8,153),(8,155),(8,157),(8,159),(9,2),(9,19),(9,20),(9,22),(9,25),(9,32),(9,39),(9,40),(9,48),(9,58),(9,61),(9,65),(9,70),(9,71),(9,75),(9,80),(9,81),(9,84),(9,86),(9,88),(9,91),(9,99),(9,100),(9,103),(9,105),(9,108),(9,110),(9,113),(9,114),(9,115),(9,116),(9,117),(9,122),(9,124),(9,125),(9,126),(9,134),(9,147),(9,150),(9,152),(9,153),(9,158),(10,1),(10,2),(10,4),(10,6),(10,8),(10,11),(10,14),(10,18),(10,19),(10,22),(10,30),(10,32),(10,34),(10,35),(10,42),(10,46),(10,50),(10,51),(10,57),(10,63),(10,64),(10,67),(10,71),(10,73),(10,74),(10,75),(10,77),(10,78),(10,79),(10,83),(10,86),(10,88),(10,92),(10,93),(10,94),(10,95),(10,102),(10,105),(10,106),(10,108),(10,114),(10,115),(10,116),(10,117),(10,118),(10,119),(10,121),(10,127),(10,128),(10,131),(10,138),(10,142),(10,146),(10,147),(10,150),(10,153),(10,155),(10,157),(11,15),(11,16),(11,18),(11,21),(11,25),(11,32),(11,34),(11,35),(11,36),(11,40),(11,41),(11,45),(11,47),(11,48),(11,52),(11,53),(11,55),(11,56),(11,66),(11,69),(11,73),(11,75),(11,77),(11,83),(11,89),(11,95),(11,97),(11,101),(11,103),(11,112),(11,113),(11,114),(11,115),(11,123),(11,131),(11,132),(11,141),(11,148),(11,152),(11,156),(12,6),(12,7),(12,10),(12,11),(12,12),(12,18),(12,19),(12,21),(12,22),(12,25),(12,29),(12,31),(12,33),(12,38),(12,41),(12,54),(12,56),(12,58),(12,63),(12,71),(12,78),(12,80),(12,81),(12,85),(12,86),(12,89),(12,94),(12,100),(12,103),(12,104),(12,110),(12,111),(12,112),(12,114),(12,115),(12,117),(12,122),(12,129),(12,130),(12,131),(12,137),(12,140),(12,146),(12,148),(12,150),(12,156),(12,157),(12,159),(13,3),(13,4),(13,9),(13,11),(13,12),(13,13),(13,14),(13,20),(13,22),(13,29),(13,31),(13,37),(13,39),(13,44),(13,47),(13,53),(13,59),(13,60),(13,65),(13,66),(13,69),(13,71),(13,73),(13,77),(13,80),(13,82),(13,87),(13,90),(13,91),(13,93),(13,95),(13,96),(13,100),(13,101),(13,102),(13,106),(13,109),(13,112),(13,114),(13,122),(13,127),(13,134),(13,135),(13,136),(13,138),(13,141),(13,144),(13,145),(13,146),(13,147),(13,156),(13,157),(13,158),(14,2),(14,3),(14,6),(14,12),(14,13),(14,14),(14,15),(14,16),(14,17),(14,19),(14,21),(14,27),(14,37),(14,43),(14,44),(14,47),(14,51),(14,55),(14,59),(14,61),(14,62),(14,63),(14,66),(14,67),(14,68),(14,69),(14,71),(14,77),(14,78),(14,81),(14,89),(14,92),(14,95),(14,100),(14,108),(14,111),(14,113),(14,117),(14,121),(14,123),(14,125),(14,127),(14,131),(14,134),(14,137),(14,139),(14,140),(14,143),(14,150),(14,152),(14,157),(15,3),(15,10),(15,11),(15,12),(15,17),(15,18),(15,23),(15,26),(15,27),(15,30),(15,31),(15,33),(15,34),(15,37),(15,44),(15,46),(15,47),(15,52),(15,58),(15,60),(15,70),(15,72),(15,73),(15,75),(15,85),(15,86),(15,89),(15,93),(15,96),(15,99),(15,100),(15,101),(15,105),(15,106),(15,108),(15,111),(15,117),(15,122),(15,127),(15,130),(15,133),(15,134),(15,136),(15,138),(15,139),(15,140),(15,141),(15,149),(15,150),(15,155),(16,1),(16,2),(16,4),(16,5),(16,15),(16,17),(16,19),(16,21),(16,22),(16,34),(16,44),(16,45),(16,46),(16,47),(16,52),(16,63),(16,65),(16,66),(16,70),(16,74),(16,76),(16,77),(16,78),(16,81),(16,83),(16,86),(16,88),(16,97),(16,98),(16,99),(16,101),(16,104),(16,108),(16,110),(16,113),(16,116),(16,117),(16,120),(16,123),(16,124),(16,128),(16,129),(16,132),(16,133),(16,135),(16,137),(16,142),(16,147),(16,151),(16,156),(16,157),(16,158),(17,1),(17,3),(17,6),(17,8),(17,10),(17,11),(17,15),(17,16),(17,20),(17,21),(17,24),(17,26),(17,27),(17,30),(17,32),(17,36),(17,37),(17,38),(17,40),(17,44),(17,48),(17,49),(17,50),(17,52),(17,57),(17,63),(17,67),(17,69),(17,75),(17,78),(17,82),(17,85),(17,94),(17,96),(17,97),(17,99),(17,100),(17,102),(17,103),(17,107),(17,109),(17,111),(17,112),(17,115),(17,118),(17,119),(17,121),(17,122),(17,125),(17,126),(17,129),(17,132),(17,138),(17,140),(17,143),(17,144),(17,146),(17,150),(17,155),(17,156),(18,4),(18,9),(18,14),(18,23),(18,28),(18,31),(18,32),(18,35),(18,38),(18,49),(18,51),(18,54),(18,55),(18,58),(18,62),(18,63),(18,64),(18,71),(18,72),(18,76),(18,78),(18,79),(18,80),(18,87),(18,96),(18,100),(18,101),(18,103),(18,104),(18,106),(18,107),(18,108),(18,110),(18,111),(18,113),(18,116),(18,118),(18,119),(18,120),(18,124),(18,126),(18,129),(18,132),(18,133),(18,136),(18,142),(18,143),(19,2),(19,4),(19,6),(19,7),(19,9),(19,14),(19,17),(19,22),(19,23),(19,24),(19,25),(19,28),(19,30),(19,38),(19,39),(19,40),(19,44),(19,46),(19,47),(19,51),(19,54),(19,56),(19,58),(19,63),(19,70),(19,71),(19,79),(19,80),(19,83),(19,84),(19,87),(19,96),(19,97),(19,101),(19,111),(19,116),(19,119),(19,120),(19,126),(19,128),(19,130),(19,134),(19,135),(19,139),(19,141),(19,149),(19,151),(19,154),(19,157),(19,159),(20,2),(20,13),(20,16),(20,22),(20,24),(20,25),(20,28),(20,31),(20,32),(20,36),(20,41),(20,42),(20,45),(20,49),(20,55),(20,56),(20,57),(20,59),(20,60),(20,67),(20,69),(20,73),(20,76),(20,77),(20,82),(20,100),(20,101),(20,103),(20,104),(20,105),(20,107),(20,112),(20,117),(20,118),(20,120),(20,125),(20,129),(20,132),(20,135),(20,136),(20,138),(20,140),(20,141),(20,143),(20,146),(20,147),(20,149),(20,151),(20,152),(20,155),(20,156),(21,4),(21,6),(21,9),(21,10),(21,12),(21,15),(21,17),(21,18),(21,19),(21,23),(21,30),(21,34),(21,36),(21,38),(21,48),(21,53),(21,54),(21,55),(21,64),(21,70),(21,79),(21,80),(21,82),(21,88),(21,91),(21,92),(21,93),(21,96),(21,101),(21,102),(21,103),(21,105),(21,110),(21,115),(21,117),(21,118),(21,120),(21,133),(21,134),(21,139),(21,140),(21,141),(21,142),(21,143),(21,147),(21,150),(21,151),(21,152),(21,153),(21,155),(21,156),(21,157),(22,1),(22,3),(22,7),(22,9),(22,10),(22,14),(22,21),(22,23),(22,24),(22,34),(22,35),(22,38),(22,40),(22,41),(22,43),(22,44),(22,45),(22,54),(22,56),(22,60),(22,61),(22,62),(22,63),(22,67),(22,68),(22,71),(22,73),(22,77),(22,78),(22,79),(22,81),(22,85),(22,86),(22,88),(22,89),(22,90),(22,93),(22,94),(22,97),(22,100),(22,101),(22,102),(22,108),(22,112),(22,114),(22,115),(22,119),(22,122),(22,123),(22,124),(22,131),(22,133),(22,134),(22,135),(22,136),(22,137),(22,138),(22,141),(22,143),(22,144),(22,145),(22,149),(22,151),(22,152),(23,6),(23,9),(23,12),(23,14),(23,15),(23,16),(23,19),(23,28),(23,30),(23,31),(23,32),(23,36),(23,37),(23,38),(23,41),(23,42),(23,45),(23,56),(23,57),(23,58),(23,61),(23,63),(23,66),(23,69),(23,70),(23,71),(23,74),(23,77),(23,78),(23,79),(23,80),(23,82),(23,83),(23,89),(23,98),(23,102),(23,105),(23,106),(23,108),(23,109),(23,114),(23,117),(23,128),(23,135),(23,141),(23,147),(23,149),(23,152),(23,153),(23,157),(23,159),(24,3),(24,4),(24,6),(24,7),(24,9),(24,11),(24,12),(24,13),(24,14),(24,16),(24,20),(24,21),(24,24),(24,26),(24,28),(24,29),(24,30),(24,35),(24,43),(24,44),(24,51),(24,53),(24,56),(24,60),(24,61),(24,62),(24,66),(24,70),(24,72),(24,74),(24,83),(24,86),(24,88),(24,90),(24,91),(24,94),(24,99),(24,107),(24,109),(24,111),(24,121),(24,122),(24,125),(24,132),(24,134),(24,136),(24,137),(24,138),(24,139),(24,140),(24,147),(24,150),(24,153),(24,158),(25,10),(25,11),(25,15),(25,16),(25,19),(25,22),(25,24),(25,35),(25,37),(25,38),(25,42),(25,46),(25,56),(25,59),(25,60),(25,64),(25,66),(25,67),(25,70),(25,72),(25,73),(25,74),(25,80),(25,86),(25,87),(25,88),(25,93),(25,95),(25,97),(25,99),(25,102),(25,107),(25,108),(25,110),(25,111),(25,113),(25,114),(25,122),(25,125),(25,126),(25,127),(25,128),(25,132),(25,134),(25,142),(25,143),(25,144),(25,145),(25,146),(25,157),(25,159),(26,6),(26,8),(26,9),(26,11),(26,13),(26,18),(26,21),(26,22),(26,25),(26,26),(26,27),(26,30),(26,33),(26,36),(26,40),(26,42),(26,45),(26,46),(26,52),(26,53),(26,56),(26,57),(26,58),(26,63),(26,66),(26,78),(26,84),(26,87),(26,89),(26,90),(26,92),(26,96),(26,99),(26,101),(26,105),(26,109),(26,110),(26,114),(26,116),(26,117),(26,119),(26,120),(26,124),(26,131),(26,136),(26,137),(26,139),(26,140),(26,144),(26,147),(26,148),(26,153),(26,158),(27,3),(27,4),(27,9),(27,13),(27,14),(27,18),(27,24),(27,26),(27,29),(27,45),(27,50),(27,51),(27,52),(27,54),(27,61),(27,67),(27,71),(27,72),(27,73),(27,77),(27,82),(27,83),(27,84),(27,93),(27,95),(27,97),(27,103),(27,104),(27,106),(27,108),(27,109),(27,111),(27,114),(27,115),(27,118),(27,127),(27,128),(27,131),(27,135),(27,137),(27,143),(27,144),(27,145),(27,146),(27,152),(27,153),(27,155),(28,3),(28,6),(28,8),(28,11),(28,16),(28,21),(28,29),(28,30),(28,33),(28,39),(28,40),(28,41),(28,44),(28,47),(28,50),(28,51),(28,52),(28,53),(28,54),(28,64),(28,65),(28,66),(28,70),(28,72),(28,75),(28,77),(28,85),(28,86),(28,89),(28,91),(28,92),(28,98),(28,99),(28,104),(28,105),(28,110),(28,113),(28,114),(28,117),(28,120),(28,123),(28,126),(28,129),(28,131),(28,133),(28,139),(28,153),(28,155),(28,157),(28,160),(29,1),(29,4),(29,6),(29,7),(29,11),(29,12),(29,13),(29,18),(29,20),(29,23),(29,24),(29,30),(29,31),(29,38),(29,40),(29,43),(29,45),(29,47),(29,50),(29,54),(29,55),(29,58),(29,59),(29,61),(29,62),(29,63),(29,68),(29,69),(29,70),(29,71),(29,72),(29,77),(29,78),(29,84),(29,87),(29,88),(29,92),(29,97),(29,98),(29,103),(29,105),(29,109),(29,110),(29,112),(29,115),(29,119),(29,122),(29,128),(29,129),(29,134),(29,135),(29,139),(29,141),(29,149),(29,150),(29,156),(29,157),(29,159),(30,1),(30,4),(30,7),(30,16),(30,17),(30,23),(30,27),(30,30),(30,38),(30,39),(30,45),(30,46),(30,47),(30,51),(30,52),(30,56),(30,59),(30,62),(30,64),(30,67),(30,70),(30,73),(30,76),(30,79),(30,83),(30,93),(30,94),(30,95),(30,96),(30,99),(30,100),(30,102),(30,108),(30,110),(30,116),(30,118),(30,119),(30,122),(30,128),(30,130),(30,133),(30,134),(30,138),(30,140),(30,145),(30,146),(30,149),(30,153),(30,154),(30,155),(30,157),(30,158),(31,1),(31,3),(31,6),(31,16),(31,19),(31,25),(31,28),(31,34),(31,44),(31,45),(31,48),(31,49),(31,50),(31,58),(31,59),(31,60),(31,61),(31,68),(31,73),(31,76),(31,79),(31,81),(31,82),(31,84),(31,85),(31,86),(31,87),(31,92),(31,94),(31,95),(31,96),(31,102),(31,104),(31,107),(31,111),(31,112),(31,113),(31,119),(31,120),(31,125),(31,127),(31,130),(31,132),(31,134),(31,138),(31,141),(31,142),(31,146),(31,147),(31,151),(31,158),(32,9),(32,14),(32,15),(32,19),(32,20),(32,22),(32,24),(32,27),(32,28),(32,33),(32,37),(32,40),(32,42),(32,45),(32,51),(32,54),(32,55),(32,57),(32,58),(32,59),(32,64),(32,67),(32,68),(32,73),(32,75),(32,81),(32,82),(32,84),(32,85),(32,87),(32,92),(32,93),(32,101),(32,110),(32,115),(32,116),(32,124),(32,126),(32,127),(32,150),(32,152),(32,153),(32,155),(33,3),(33,5),(33,6),(33,8),(33,10),(33,16),(33,18),(33,25),(33,32),(33,33),(33,35),(33,36),(33,45),(33,47),(33,50),(33,51),(33,57),(33,59),(33,60),(33,64),(33,68),(33,70),(33,76),(33,77),(33,84),(33,86),(33,88),(33,89),(33,91),(33,93),(33,94),(33,98),(33,99),(33,104),(33,106),(33,107),(33,108),(33,114),(33,115),(33,119),(33,122),(33,124),(33,127),(33,132),(33,137),(33,139),(33,142),(33,143),(33,145),(33,147),(33,157),(33,158),(33,160),(34,1),(34,3),(34,8),(34,10),(34,11),(34,13),(34,15),(34,16),(34,23),(34,24),(34,25),(34,28),(34,29),(34,30),(34,35),(34,38),(34,52),(34,54),(34,59),(34,62),(34,63),(34,69),(34,70),(34,71),(34,73),(34,75),(34,88),(34,95),(34,98),(34,100),(34,101),(34,102),(34,103),(34,106),(34,113),(34,114),(34,116),(34,121),(34,125),(34,129),(34,131),(34,132),(34,133),(34,136),(34,137),(34,142),(35,1),(35,4),(35,8),(35,10),(35,15),(35,17),(35,18),(35,20),(35,21),(35,23),(35,28),(35,33),(35,36),(35,38),(35,42),(35,46),(35,48),(35,49),(35,51),(35,53),(35,61),(35,67),(35,69),(35,71),(35,72),(35,76),(35,77),(35,81),(35,87),(35,89),(35,93),(35,97),(35,99),(35,101),(35,103),(35,108),(35,112),(35,116),(35,118),(35,120),(35,122),(35,124),(35,127),(35,128),(35,129),(35,130),(35,140),(35,142),(35,143),(35,147),(35,152),(35,158),(36,1),(36,3),(36,7),(36,8),(36,13),(36,16),(36,18),(36,19),(36,22),(36,23),(36,25),(36,26),(36,28),(36,30),(36,35),(36,37),(36,39),(36,40),(36,41),(36,42),(36,44),(36,51),(36,53),(36,54),(36,55),(36,58),(36,64),(36,65),(36,66),(36,70),(36,71),(36,73),(36,77),(36,83),(36,86),(36,92),(36,95),(36,98),(36,102),(36,105),(36,106),(36,107),(36,109),(36,110),(36,112),(36,115),(36,118),(36,119),(36,120),(36,124),(36,125),(36,140),(36,141),(36,143),(36,145),(36,147),(36,150),(36,151),(36,152),(36,158),(36,159),(37,2),(37,6),(37,10),(37,17),(37,18),(37,21),(37,22),(37,27),(37,30),(37,31),(37,32),(37,33),(37,35),(37,40),(37,46),(37,48),(37,51),(37,58),(37,69),(37,74),(37,77),(37,83),(37,86),(37,88),(37,92),(37,93),(37,94),(37,95),(37,97),(37,103),(37,106),(37,109),(37,110),(37,112),(37,114),(37,117),(37,118),(37,122),(37,123),(37,126),(37,129),(37,130),(37,131),(37,145),(37,147),(37,156),(37,157),(37,160),(38,7),(38,9),(38,12),(38,16),(38,21),(38,23),(38,28),(38,31),(38,32),(38,37),(38,39),(38,41),(38,42),(38,46),(38,47),(38,48),(38,50),(38,53),(38,54),(38,55),(38,57),(38,64),(38,66),(38,72),(38,73),(38,80),(38,93),(38,94),(38,95),(38,97),(38,102),(38,108),(38,110),(38,115),(38,121),(38,125),(38,126),(38,127),(38,130),(38,131),(38,132),(38,136),(38,139),(38,140),(38,142),(38,144),(38,145),(38,150),(38,154),(39,7),(39,8),(39,15),(39,25),(39,28),(39,31),(39,33),(39,36),(39,37),(39,38),(39,39),(39,45),(39,49),(39,50),(39,52),(39,62),(39,63),(39,66),(39,67),(39,68),(39,69),(39,71),(39,72),(39,73),(39,74),(39,78),(39,84),(39,89),(39,103),(39,106),(39,107),(39,110),(39,111),(39,114),(39,115),(39,117),(39,121),(39,131),(39,134),(39,135),(39,136),(39,139),(39,141),(39,145),(39,146),(39,147),(39,150),(39,154),(39,159),(40,1),(40,2),(40,6),(40,13),(40,15),(40,19),(40,20),(40,22),(40,23),(40,44),(40,46),(40,49),(40,61),(40,62),(40,64),(40,66),(40,69),(40,75),(40,81),(40,82),(40,87),(40,90),(40,94),(40,95),(40,99),(40,102),(40,104),(40,105),(40,111),(40,112),(40,113),(40,118),(40,121),(40,125),(40,131),(40,132),(40,139),(40,141),(40,143),(40,147),(40,148),(40,152),(40,153),(40,157),(41,5),(41,6),(41,7),(41,9),(41,13),(41,14),(41,15),(41,17),(41,23),(41,25),(41,28),(41,32),(41,34),(41,35),(41,42),(41,46),(41,48),(41,49),(41,51),(41,53),(41,56),(41,60),(41,62),(41,66),(41,68),(41,70),(41,72),(41,73),(41,77),(41,81),(41,88),(41,89),(41,91),(41,93),(41,95),(41,97),(41,99),(41,113),(41,116),(41,119),(41,122),(41,124),(41,129),(41,132),(41,133),(41,144),(41,146),(41,149),(41,150),(41,153),(41,156),(41,159),(42,3),(42,4),(42,13),(42,16),(42,18),(42,19),(42,23),(42,24),(42,31),(42,33),(42,35),(42,37),(42,38),(42,39),(42,44),(42,47),(42,48),(42,56),(42,60),(42,61),(42,65),(42,69),(42,71),(42,74),(42,75),(42,76),(42,77),(42,79),(42,80),(42,92),(42,96),(42,103),(42,114),(42,115),(42,118),(42,119),(42,120),(42,121),(42,122),(42,125),(42,150),(42,153),(43,6),(43,11),(43,12),(43,13),(43,16),(43,17),(43,18),(43,21),(43,24),(43,30),(43,31),(43,33),(43,35),(43,36),(43,37),(43,41),(43,42),(43,44),(43,47),(43,53),(43,58),(43,65),(43,66),(43,67),(43,68),(43,69),(43,72),(43,74),(43,88),(43,89),(43,91),(43,92),(43,95),(43,96),(43,97),(43,98),(43,102),(43,103),(43,104),(43,107),(43,108),(43,112),(43,123),(43,128),(43,130),(43,133),(43,134),(43,135),(43,137),(43,140),(43,147),(43,151),(43,155),(43,158),(44,5),(44,7),(44,12),(44,13),(44,19),(44,22),(44,27),(44,28),(44,31),(44,32),(44,35),(44,36),(44,39),(44,41),(44,51),(44,53),(44,54),(44,60),(44,63),(44,65),(44,69),(44,81),(44,84),(44,87),(44,89),(44,95),(44,97),(44,100),(44,101),(44,103),(44,104),(44,105),(44,106),(44,107),(44,108),(44,109),(44,114),(44,115),(44,117),(44,118),(44,120),(44,121),(44,124),(44,125),(44,129),(44,136),(44,137),(44,141),(44,142),(44,144),(44,147),(44,151),(44,153),(44,154),(44,155),(44,156),(44,158),(44,159),(44,160),(45,2),(45,6),(45,10),(45,12),(45,16),(45,20),(45,21),(45,35),(45,38),(45,39),(45,40),(45,43),(45,45),(45,46),(45,47),(45,52),(45,56),(45,65),(45,69),(45,71),(45,75),(45,76),(45,79),(45,81),(45,86),(45,87),(45,91),(45,94),(45,96),(45,102),(45,104),(45,110),(45,112),(45,120),(45,122),(45,123),(45,132),(45,133),(45,136),(45,137),(45,139),(45,142),(45,144),(45,145),(45,146),(45,149),(46,1),(46,3),(46,8),(46,9),(46,14),(46,17),(46,21),(46,25),(46,29),(46,31),(46,33),(46,35),(46,44),(46,47),(46,50),(46,51),(46,56),(46,60),(46,62),(46,63),(46,64),(46,70),(46,72),(46,84),(46,85),(46,86),(46,87),(46,92),(46,98),(46,99),(46,101),(46,103),(46,105),(46,110),(46,112),(46,114),(46,115),(46,116),(46,124),(46,133),(46,134),(46,135),(46,139),(46,142),(46,157),(46,159),(47,1),(47,4),(47,6),(47,9),(47,10),(47,15),(47,16),(47,18),(47,21),(47,23),(47,24),(47,27),(47,28),(47,29),(47,30),(47,31),(47,32),(47,33),(47,34),(47,36),(47,37),(47,38),(47,39),(47,40),(47,42),(47,46),(47,49),(47,51),(47,56),(47,60),(47,62),(47,64),(47,67),(47,70),(47,71),(47,72),(47,73),(47,74),(47,79),(47,80),(47,82),(47,84),(47,89),(47,101),(47,102),(47,104),(47,113),(47,114),(47,116),(47,117),(47,119),(47,120),(47,132),(47,133),(47,141),(47,144),(47,145),(47,147),(47,149),(47,150),(47,152),(47,157),(48,3),(48,5),(48,12),(48,14),(48,22),(48,23),(48,24),(48,26),(48,32),(48,46),(48,48),(48,52),(48,54),(48,55),(48,63),(48,65),(48,70),(48,71),(48,76),(48,77),(48,81),(48,82),(48,86),(48,89),(48,93),(48,97),(48,114),(48,116),(48,117),(48,122),(48,132),(48,135),(48,136),(48,141),(48,149),(48,153),(49,1),(49,2),(49,6),(49,8),(49,11),(49,13),(49,16),(49,17),(49,19),(49,24),(49,26),(49,33),(49,35),(49,40),(49,42),(49,43),(49,45),(49,49),(49,51),(49,56),(49,59),(49,63),(49,65),(49,66),(49,67),(49,68),(49,70),(49,71),(49,75),(49,76),(49,78),(49,80),(49,82),(49,83),(49,87),(49,88),(49,89),(49,90),(49,91),(49,95),(49,96),(49,98),(49,99),(49,100),(49,102),(49,104),(49,115),(49,116),(49,119),(49,120),(49,129),(49,131),(49,132),(49,137),(49,142),(49,146),(49,148),(49,149),(49,151),(49,152),(49,156),(50,1),(50,3),(50,10),(50,12),(50,13),(50,14),(50,23),(50,27),(50,28),(50,36),(50,39),(50,41),(50,46),(50,47),(50,53),(50,66),(50,67),(50,70),(50,71),(50,73),(50,74),(50,75),(50,78),(50,80),(50,81),(50,82),(50,83),(50,84),(50,88),(50,89),(50,94),(50,96),(50,98),(50,101),(50,104),(50,105),(50,106),(50,108),(50,110),(50,113),(50,117),(50,118),(50,119),(50,120),(50,123),(50,127),(50,128),(50,138),(50,140),(50,145),(50,147),(50,148),(50,149),(50,151),(50,158),(51,1),(51,4),(51,5),(51,6),(51,10),(51,12),(51,13),(51,14),(51,15),(51,18),(51,19),(51,20),(51,22),(51,23),(51,24),(51,25),(51,27),(51,28),(51,32),(51,43),(51,47),(51,50),(51,51),(51,54),(51,55),(51,59),(51,60),(51,61),(51,65),(51,66),(51,70),(51,72),(51,74),(51,84),(51,86),(51,88),(51,89),(51,91),(51,93),(51,95),(51,97),(51,99),(51,101),(51,104),(51,105),(51,106),(51,107),(51,109),(51,129),(51,130),(51,131),(51,133),(51,139),(51,142),(51,148),(51,150),(51,151),(51,156),(52,1),(52,4),(52,5),(52,7),(52,17),(52,24),(52,27),(52,30),(52,32),(52,33),(52,34),(52,36),(52,37),(52,38),(52,41),(52,45),(52,47),(52,48),(52,49),(52,51),(52,52),(52,61),(52,63),(52,69),(52,75),(52,77),(52,80),(52,92),(52,93),(52,95),(52,98),(52,99),(52,108),(52,109),(52,113),(52,119),(52,120),(52,124),(52,128),(52,130),(52,137),(52,138),(52,141),(52,142),(52,146),(52,150),(52,156),(52,159),(53,1),(53,2),(53,3),(53,4),(53,5),(53,15),(53,16),(53,18),(53,22),(53,26),(53,33),(53,34),(53,35),(53,38),(53,40),(53,42),(53,44),(53,45),(53,46),(53,51),(53,52),(53,53),(53,56),(53,61),(53,66),(53,67),(53,72),(53,73),(53,76),(53,77),(53,79),(53,80),(53,87),(53,99),(53,108),(53,110),(53,114),(53,115),(53,117),(53,118),(53,122),(53,130),(53,131),(53,133),(53,140),(53,143),(53,151),(53,153),(53,156),(54,1),(54,4),(54,5),(54,7),(54,9),(54,10),(54,11),(54,14),(54,16),(54,17),(54,18),(54,19),(54,22),(54,27),(54,31),(54,37),(54,40),(54,46),(54,56),(54,61),(54,65),(54,70),(54,73),(54,75),(54,77),(54,79),(54,80),(54,85),(54,86),(54,87),(54,90),(54,93),(54,96),(54,98),(54,100),(54,104),(54,106),(54,108),(54,109),(54,112),(54,117),(54,120),(54,122),(54,130),(54,132),(54,133),(54,134),(54,141),(54,144),(54,149),(54,152),(54,153),(54,157),(55,4),(55,8),(55,11),(55,13),(55,25),(55,33),(55,35),(55,38),(55,39),(55,41),(55,42),(55,43),(55,44),(55,52),(55,53),(55,54),(55,66),(55,67),(55,71),(55,73),(55,74),(55,80),(55,81),(55,82),(55,83),(55,85),(55,86),(55,91),(55,94),(55,99),(55,100),(55,107),(55,111),(55,112),(55,113),(55,115),(55,119),(55,124),(55,132),(55,134),(55,137),(55,141),(55,142),(55,148),(55,155),(55,158),(55,159),(56,1),(56,5),(56,7),(56,8),(56,9),(56,14),(56,18),(56,19),(56,20),(56,22),(56,24),(56,26),(56,27),(56,28),(56,29),(56,30),(56,36),(56,37),(56,39),(56,41),(56,46),(56,50),(56,55),(56,56),(56,58),(56,60),(56,61),(56,62),(56,63),(56,65),(56,73),(56,75),(56,76),(56,80),(56,81),(56,83),(56,86),(56,90),(56,91),(56,98),(56,99),(56,100),(56,101),(56,104),(56,106),(56,107),(56,110),(56,111),(56,114),(56,115),(56,117),(56,118),(56,119),(56,125),(56,130),(56,136),(56,137),(56,141),(56,142),(56,147),(56,148),(56,156),(56,158),(57,1),(57,8),(57,11),(57,17),(57,19),(57,20),(57,32),(57,37),(57,39),(57,46),(57,48),(57,51),(57,57),(57,64),(57,68),(57,75),(57,76),(57,77),(57,80),(57,81),(57,82),(57,84),(57,85),(57,87),(57,89),(57,90),(57,95),(57,98),(57,99),(57,101),(57,106),(57,110),(57,116),(57,117),(57,121),(57,122),(57,129),(57,138),(57,139),(57,142),(57,143),(57,144),(57,146),(57,148),(57,149),(57,152),(57,154),(57,157),(58,5),(58,7),(58,8),(58,11),(58,15),(58,16),(58,18),(58,20),(58,21),(58,24),(58,29),(58,30),(58,37),(58,48),(58,49),(58,56),(58,63),(58,64),(58,69),(58,74),(58,82),(58,85),(58,87),(58,90),(58,94),(58,100),(58,109),(58,110),(58,113),(58,114),(58,116),(58,119),(58,123),(58,127),(58,129),(58,131),(58,133),(58,136),(58,140),(58,141),(58,144),(58,145),(58,146),(58,149),(58,153),(58,156),(58,158),(59,6),(59,10),(59,14),(59,17),(59,20),(59,21),(59,24),(59,25),(59,28),(59,34),(59,35),(59,36),(59,39),(59,47),(59,48),(59,54),(59,57),(59,58),(59,59),(59,64),(59,66),(59,68),(59,73),(59,79),(59,80),(59,83),(59,85),(59,91),(59,92),(59,97),(59,100),(59,101),(59,102),(59,103),(59,104),(59,108),(59,112),(59,114),(59,117),(59,120),(59,121),(59,122),(59,123),(59,125),(59,134),(59,140),(59,142),(59,148),(59,150),(59,153),(60,5),(60,6),(60,7),(60,10),(60,11),(60,12),(60,15),(60,22),(60,24),(60,29),(60,34),(60,38),(60,39),(60,41),(60,42),(60,43),(60,52),(60,54),(60,56),(60,60),(60,73),(60,75),(60,77),(60,80),(60,86),(60,87),(60,89),(60,95),(60,96),(60,104),(60,105),(60,114),(60,116),(60,119),(60,120),(60,121),(60,123),(60,126),(60,131),(60,132),(60,134),(60,140),(60,141),(60,143),(60,147),(60,148),(60,150),(60,153),(60,154),(61,3),(61,8),(61,13),(61,15),(61,17),(61,18),(61,19),(61,20),(61,25),(61,27),(61,31),(61,32),(61,35),(61,37),(61,44),(61,45),(61,48),(61,49),(61,55),(61,56),(61,59),(61,60),(61,61),(61,62),(61,67),(61,68),(61,69),(61,73),(61,78),(61,81),(61,89),(61,90),(61,93),(61,96),(61,98),(61,100),(61,105),(61,109),(61,121),(61,124),(61,125),(61,127),(61,130),(61,137),(61,139),(61,140),(61,141),(61,142),(61,143),(61,145),(61,146),(61,149),(61,154),(61,155),(61,158),(62,2),(62,3),(62,4),(62,9),(62,10),(62,11),(62,12),(62,15),(62,20),(62,21),(62,29),(62,30),(62,31),(62,33),(62,34),(62,37),(62,42),(62,63),(62,64),(62,66),(62,71),(62,91),(62,92),(62,93),(62,97),(62,98),(62,101),(62,102),(62,103),(62,105),(62,106),(62,108),(62,109),(62,111),(62,115),(62,117),(62,118),(62,120),(62,125),(62,129),(62,132),(62,135),(62,136),(62,137),(62,140),(62,142),(62,146),(62,148),(62,152),(62,156),(62,160),(63,6),(63,9),(63,10),(63,11),(63,18),(63,21),(63,23),(63,26),(63,27),(63,28),(63,30),(63,32),(63,35),(63,36),(63,37),(63,39),(63,44),(63,45),(63,46),(63,47),(63,50),(63,52),(63,61),(63,62),(63,79),(63,83),(63,84),(63,89),(63,90),(63,91),(63,100),(63,101),(63,103),(63,110),(63,112),(63,119),(63,127),(63,134),(63,135),(63,137),(63,154),(63,155),(63,158),(64,3),(64,7),(64,12),(64,14),(64,16),(64,20),(64,23),(64,32),(64,36),(64,37),(64,38),(64,40),(64,42),(64,43),(64,44),(64,45),(64,46),(64,49),(64,50),(64,54),(64,55),(64,59),(64,61),(64,62),(64,63),(64,65),(64,69),(64,70),(64,74),(64,79),(64,85),(64,88),(64,95),(64,98),(64,101),(64,105),(64,110),(64,111),(64,112),(64,115),(64,123),(64,125),(64,129),(64,134),(64,135),(64,138),(64,146),(64,150),(64,152),(64,153),(64,155),(64,158),(65,2),(65,4),(65,9),(65,10),(65,13),(65,15),(65,22),(65,24),(65,30),(65,31),(65,32),(65,34),(65,35),(65,38),(65,40),(65,42),(65,48),(65,50),(65,56),(65,60),(65,61),(65,67),(65,73),(65,75),(65,83),(65,85),(65,87),(65,92),(65,95),(65,100),(65,105),(65,107),(65,114),(65,115),(65,118),(65,120),(65,124),(65,125),(65,126),(65,134),(65,136),(65,140),(65,147),(65,151),(65,154),(66,2),(66,8),(66,18),(66,20),(66,25),(66,26),(66,27),(66,35),(66,37),(66,42),(66,45),(66,47),(66,50),(66,51),(66,52),(66,54),(66,56),(66,57),(66,58),(66,65),(66,75),(66,76),(66,79),(66,83),(66,85),(66,86),(66,87),(66,92),(66,93),(66,94),(66,98),(66,100),(66,103),(66,104),(66,105),(66,113),(66,117),(66,118),(66,123),(66,125),(66,126),(66,130),(66,131),(66,132),(66,134),(66,135),(66,143),(66,145),(66,147),(66,151),(66,156),(67,3),(67,5),(67,15),(67,17),(67,19),(67,20),(67,22),(67,28),(67,30),(67,33),(67,35),(67,36),(67,41),(67,42),(67,47),(67,48),(67,50),(67,52),(67,53),(67,55),(67,56),(67,59),(67,62),(67,69),(67,77),(67,80),(67,82),(67,84),(67,88),(67,90),(67,91),(67,92),(67,93),(67,94),(67,95),(67,96),(67,103),(67,104),(67,107),(67,109),(67,113),(67,114),(67,116),(67,118),(67,130),(67,131),(67,136),(67,140),(67,141),(67,143),(67,150),(67,151),(67,157),(67,159),(67,160),(68,4),(68,12),(68,18),(68,20),(68,23),(68,31),(68,38),(68,40),(68,41),(68,43),(68,44),(68,48),(68,51),(68,52),(68,55),(68,57),(68,58),(68,59),(68,62),(68,64),(68,66),(68,69),(68,78),(68,83),(68,84),(68,88),(68,92),(68,95),(68,99),(68,103),(68,105),(68,118),(68,120),(68,123),(68,124),(68,129),(68,131),(68,133),(68,134),(68,135),(68,138),(68,140),(68,151),(68,155),(68,156),(68,158),(69,1),(69,2),(69,3),(69,4),(69,6),(69,9),(69,10),(69,17),(69,19),(69,23),(69,26),(69,38),(69,39),(69,42),(69,43),(69,44),(69,49),(69,50),(69,51),(69,54),(69,57),(69,61),(69,86),(69,87),(69,88),(69,89),(69,90),(69,91),(69,92),(69,93),(69,96),(69,109),(69,118),(69,119),(69,121),(69,123),(69,125),(69,126),(69,128),(69,132),(69,136),(69,145),(69,146),(69,147),(69,150),(69,156),(70,9),(70,12),(70,13),(70,17),(70,18),(70,19),(70,25),(70,29),(70,32),(70,33),(70,39),(70,41),(70,45),(70,46),(70,47),(70,51),(70,55),(70,56),(70,61),(70,67),(70,69),(70,77),(70,82),(70,84),(70,91),(70,94),(70,96),(70,102),(70,110),(70,111),(70,113),(70,116),(70,120),(70,127),(70,129),(70,134),(70,136),(70,143),(70,152),(70,154),(70,156),(70,157),(70,160),(71,3),(71,7),(71,16),(71,18),(71,27),(71,29),(71,33),(71,36),(71,40),(71,45),(71,46),(71,52),(71,55),(71,57),(71,60),(71,61),(71,66),(71,73),(71,74),(71,75),(71,84),(71,85),(71,86),(71,90),(71,92),(71,93),(71,95),(71,96),(71,99),(71,104),(71,109),(71,110),(71,116),(71,117),(71,119),(71,124),(71,128),(71,130),(71,132),(71,134),(71,135),(71,141),(71,144),(71,146),(71,148),(71,149),(71,152),(71,154),(71,159),(72,1),(72,4),(72,10),(72,11),(72,13),(72,15),(72,18),(72,22),(72,23),(72,25),(72,29),(72,31),(72,34),(72,37),(72,38),(72,39),(72,41),(72,44),(72,45),(72,46),(72,47),(72,49),(72,52),(72,60),(72,63),(72,64),(72,67),(72,71),(72,72),(72,77),(72,88),(72,89),(72,92),(72,96),(72,97),(72,105),(72,107),(72,110),(72,112),(72,116),(72,122),(72,123),(72,128),(72,132),(72,135),(72,137),(72,143),(72,146),(72,148),(72,149),(72,150),(72,154),(72,155),(72,159),(73,5),(73,7),(73,8),(73,17),(73,18),(73,22),(73,24),(73,26),(73,30),(73,32),(73,33),(73,39),(73,40),(73,42),(73,43),(73,48),(73,52),(73,53),(73,57),(73,60),(73,62),(73,70),(73,72),(73,77),(73,81),(73,82),(73,83),(73,86),(73,87),(73,88),(73,91),(73,96),(73,98),(73,99),(73,104),(73,106),(73,108),(73,110),(73,112),(73,114),(73,116),(73,118),(73,120),(73,122),(73,123),(73,127),(73,128),(73,131),(73,132),(73,141),(73,146),(73,148),(73,150),(73,158),(73,160),(74,2),(74,4),(74,11),(74,12),(74,13),(74,14),(74,29),(74,32),(74,33),(74,34),(74,40),(74,49),(74,50),(74,51),(74,54),(74,57),(74,59),(74,62),(74,64),(74,65),(74,66),(74,69),(74,70),(74,74),(74,75),(74,78),(74,82),(74,87),(74,91),(74,95),(74,98),(74,99),(74,102),(74,103),(74,105),(74,111),(74,121),(74,127),(74,130),(74,131),(74,134),(74,138),(74,139),(74,140),(74,142),(74,144),(74,148),(74,149),(74,150),(74,153),(74,154),(74,156),(74,160),(75,10),(75,20),(75,23),(75,25),(75,26),(75,29),(75,30),(75,32),(75,34),(75,39),(75,41),(75,42),(75,48),(75,58),(75,59),(75,62),(75,64),(75,68),(75,69),(75,72),(75,80),(75,86),(75,87),(75,94),(75,97),(75,103),(75,104),(75,105),(75,107),(75,110),(75,113),(75,115),(75,117),(75,122),(75,125),(75,126),(75,135),(75,141),(75,142),(75,144),(75,146),(75,155),(76,2),(76,6),(76,8),(76,10),(76,11),(76,12),(76,20),(76,22),(76,26),(76,28),(76,33),(76,34),(76,35),(76,37),(76,38),(76,39),(76,41),(76,44),(76,47),(76,51),(76,58),(76,60),(76,61),(76,62),(76,63),(76,69),(76,73),(76,78),(76,80),(76,84),(76,88),(76,92),(76,93),(76,96),(76,100),(76,101),(76,102),(76,104),(76,107),(76,110),(76,114),(76,115),(76,117),(76,119),(76,125),(76,127),(76,129),(76,131),(76,137),(76,143),(76,149),(76,152),(76,153),(77,2),(77,6),(77,8),(77,11),(77,16),(77,17),(77,19),(77,21),(77,26),(77,27),(77,28),(77,31),(77,33),(77,40),(77,42),(77,43),(77,45),(77,47),(77,48),(77,50),(77,51),(77,53),(77,54),(77,57),(77,59),(77,60),(77,61),(77,65),(77,66),(77,67),(77,74),(77,79),(77,82),(77,90),(77,91),(77,93),(77,97),(77,100),(77,101),(77,105),(77,106),(77,109),(77,110),(77,111),(77,114),(77,121),(77,125),(77,133),(77,146),(77,147),(77,148),(77,149),(77,156),(77,158),(78,10),(78,11),(78,12),(78,16),(78,17),(78,25),(78,27),(78,28),(78,35),(78,37),(78,39),(78,43),(78,45),(78,46),(78,47),(78,52),(78,58),(78,67),(78,71),(78,73),(78,75),(78,78),(78,80),(78,81),(78,84),(78,89),(78,90),(78,93),(78,95),(78,99),(78,104),(78,105),(78,106),(78,107),(78,108),(78,110),(78,112),(78,116),(78,118),(78,119),(78,122),(78,127),(78,132),(78,133),(78,134),(78,136),(78,138),(78,144),(78,145),(78,147),(78,148),(78,152),(78,154),(78,157),(78,158),(79,2),(79,4),(79,5),(79,10),(79,15),(79,16),(79,18),(79,22),(79,23),(79,24),(79,28),(79,36),(79,40),(79,42),(79,43),(79,44),(79,47),(79,49),(79,51),(79,52),(79,54),(79,59),(79,61),(79,63),(79,67),(79,71),(79,72),(79,74),(79,76),(79,77),(79,78),(79,81),(79,82),(79,86),(79,92),(79,98),(79,99),(79,100),(79,106),(79,110),(79,112),(79,113),(79,114),(79,116),(79,119),(79,121),(79,122),(79,123),(79,124),(79,135),(79,139),(79,140),(79,143),(79,146),(79,150),(79,154),(80,8),(80,15),(80,21),(80,29),(80,34),(80,44),(80,47),(80,54),(80,67),(80,70),(80,73),(80,76),(80,96),(80,99),(80,104),(80,105),(80,114),(80,124),(80,125),(80,129),(80,133),(80,134),(80,138),(80,141),(80,144),(80,148),(80,151),(81,81);
/*!40000 ALTER TABLE `playlists_tracks` ENABLE KEYS */;
UNLOCK TABLES;

--
-- Table structure for table `profiles`
--

DROP TABLE IF EXISTS `profiles`;
/*!40101 SET @saved_cs_client     = @@character_set_client */;
/*!50503 SET character_set_client = utf8mb4 */;
CREATE TABLE `profiles` (
  `user_id` int unsigned NOT NULL,
  `first_name` varchar(245) NOT NULL,
  `last_name` varchar(245) NOT NULL,
  `last_time_logged_at` datetime DEFAULT NULL,
  `gender` enum('m','f') DEFAULT NULL,
  PRIMARY KEY (`user_id`),
  KEY `fk_profiles_users_idx` (`user_id`),
  CONSTRAINT `fk_profiles_users_1` FOREIGN KEY (`user_id`) REFERENCES `users` (`user_id`) ON DELETE CASCADE ON UPDATE CASCADE
) ENGINE=InnoDB DEFAULT CHARSET=utf8mb4 COLLATE=utf8mb4_0900_ai_ci;
/*!40101 SET character_set_client = @saved_cs_client */;

--
-- Dumping data for table `profiles`
--

LOCK TABLES `profiles` WRITE;
/*!40000 ALTER TABLE `profiles` DISABLE KEYS */;
INSERT INTO `profiles` VALUES (1,'Анастасия','Давыдова','2016-06-14 15:08:33','f'),(2,'Анастасия','Быкова','2016-06-11 20:37:26','f'),(3,'Екатерина','Николаева','2017-07-16 18:48:09','f'),(4,'Анастасия','Комарова','2017-02-21 17:15:07','f'),(5,'Полина','Титова','2017-10-07 14:57:47','f'),(6,'Дарья','Григорьева','2016-03-08 08:10:15','f'),(7,'Александра','Быкова','2018-03-09 05:04:30','f'),(8,'Виктория','Андреева','2021-02-24 09:58:26','f'),(9,'Мария','Тимофеева','2018-03-09 19:45:17','f'),(10,'Анастасия','Павлова','2018-01-18 05:57:49','f'),(11,'Софья','Морозова','2020-05-09 03:39:52','f'),(12,'Виктория','Соколова','2020-07-03 09:32:35','f'),(13,'Софья','Сидорова','2020-03-28 21:49:54','f'),(14,'Елизавета','Воронина','2018-06-19 17:38:28','f'),(15,'Александра','Быкова','2016-04-12 07:49:14','f'),(16,'Александра','Фролова','2016-07-26 19:17:26','f'),(17,'Анастасия','Голубева','2018-09-04 10:06:06','f'),(18,'Александра','Максимова','2016-07-22 01:44:52','f'),(19,'Софья','Семенова','2017-04-26 11:32:40','f'),(20,'Виктория','Александрова','2015-09-13 13:35:26','f'),(21,'Дарья','Лебедева','2017-02-10 18:25:47','f'),(22,'Екатерина','Фролова','2017-03-30 12:29:16','f'),(23,'Анна','Медведева','2019-07-21 16:15:39','f'),(24,'Полина','Федотова','2018-11-30 04:57:06','f'),(25,'Полина','Кузнецова','2020-07-31 09:05:14','f'),(26,'Софья','Герасимова','2019-01-18 15:41:31','f'),(27,'Полина','Виноградова','2018-03-04 12:18:30','f'),(28,'Полина','Кузнецова','2018-05-21 23:34:38','f'),(29,'Полина','Богданова','2016-03-12 18:04:19','f'),(30,'Екатерина','Афанасьева','2016-05-21 04:44:21','f'),(31,'Екатерина','Медведева','2018-01-06 02:35:28','f'),(32,'Дарья','Казакова','2019-09-11 07:50:56','f'),(33,'Екатерина','Иванова','2017-04-22 16:34:57','f'),(34,'Александра','Борисова','2018-01-08 20:28:33','f'),(35,'Дарья','Федотова','2016-12-19 13:44:35','f'),(36,'Виктория','Федотова','2015-06-11 16:23:56','f'),(37,'Елизавета','Абрамова','2016-11-17 01:52:31','f'),(38,'Александра','Климова','2016-11-03 17:17:30','f'),(39,'Мария','Сергеева','2018-03-31 17:56:33','f'),(40,'Александра','Лебедева','2019-06-26 22:56:54','f'),(41,'Дарья','Сидорова','2015-07-26 22:01:30','f'),(42,'Полина','Карпова','2015-11-04 02:23:28','f'),(43,'Екатерина','Крылова','2017-03-06 02:59:29','f'),(44,'Анна','Денисова','2017-02-20 16:53:41','f'),(45,'Мария','Кудрявцева','2018-11-04 12:36:37','f'),(46,'Анастасия','Тимофеева','2015-09-04 21:28:40','f'),(47,'Анна','Ильина','2018-04-25 06:40:09','f'),(48,'Анна','Егорова','2017-06-04 02:01:26','f'),(49,'Александра','Власова','2016-11-05 23:13:20','f'),(50,'Мария','Федотова','2016-08-22 23:09:03','f'),(51,'Никита','Федотов','2017-05-05 07:11:54','m'),(52,'Иван','Денисов','2015-07-23 23:39:00','m'),(53,'Александр','Егоров','2016-05-02 09:45:56','m'),(54,'Артем','Кузьмин','2019-09-02 10:59:19','m'),(55,'Егор','Калинин','2016-05-01 10:45:27','m'),(56,'Дмитрий','Попов','2019-02-11 05:55:56','m'),(57,'Артем','Карпов','2019-06-15 06:29:57','m'),(58,'Максим','Королев','2018-09-13 23:48:39','m'),(59,'Артем','Семенов','2019-10-28 12:40:04','m'),(60,'Андрей','Медведев','2015-11-23 01:01:01','m'),(61,'Александр','Родионов','2016-06-16 00:11:30','m'),(62,'Максим','Герасимов','2019-04-12 07:01:10','m'),(63,'Егор','Зайцев','2019-11-25 19:37:56','m'),(64,'Максим','Филатов','2020-06-12 14:12:50','m'),(65,'Никита','Тимофеев','2015-06-02 21:17:00','m'),(66,'Андрей','Захаров','2018-02-09 00:53:10','m'),(67,'Михаил','Романов','2017-03-01 21:41:27','m'),(68,'Даниил','Коновалов','2016-03-05 18:54:28','m'),(69,'Никита','Степанов','2019-12-15 14:34:37','m'),(70,'Даниил','Семенов','2018-03-26 01:16:18','m'),(71,'Артем','Никитин','2015-12-18 19:44:19','m'),(72,'Иван','Филатов','2015-09-10 07:59:22','m'),(73,'Александр','Иванов','2021-02-17 13:50:30','m'),(74,'Александр','Ковалев','2019-09-06 06:21:03','m'),(75,'Егор','Жуков','2019-09-04 23:20:26','m'),(76,'Максим','Жуков','2018-02-13 10:45:41','m'),(77,'Никита','Александров','2016-03-29 16:53:45','m'),(78,'Иван','Дмитриев','2017-06-02 13:18:22','m'),(79,'Андрей','Голубев','2017-02-23 00:57:14','m'),(80,'Артем','Максимов','2018-02-23 21:57:42','m'),(81,'Даниил','Афанасьев','2018-01-29 20:03:26','m'),(82,'Егор','Романов','2020-08-16 19:30:45','m'),(83,'Артем','Григорьев','2015-11-17 22:30:06','m'),(84,'Иван','Васильев','2019-11-15 15:04:55','m'),(85,'Егор','Карпов','2018-09-18 17:00:57','m'),(86,'Никита','Назаров','2018-08-18 00:56:38','m'),(87,'Михаил','Комаров','2015-10-10 10:46:58','m'),(88,'Александр','Денисов','2019-06-12 12:11:34','m'),(89,'Артем','Ильин','2016-11-22 13:43:37','m'),(90,'Никита','Кузнецов','2016-09-12 17:10:02','m'),(91,'Иван','Павлов','2017-06-28 05:45:59','m'),(92,'Даниил','Жуков','2016-02-16 10:26:25','m'),(93,'Иван','Назаров','2018-09-24 20:00:51','m'),(94,'Александр','Гаврилов','2018-02-28 05:51:37','m'),(95,'Андрей','Орлов','2019-04-13 02:22:11','m'),(96,'Максим','Васильев','2020-09-11 03:22:44','m'),(97,'Иван','Беляев','2018-07-09 18:53:47','m'),(98,'Даниил','Прохоров','2021-01-30 21:27:22','m'),(99,'Артем','Гаврилов','2016-11-04 11:42:08','m'),(100,'Даниил','Коновалов','2017-06-07 03:15:11','m');
/*!40000 ALTER TABLE `profiles` ENABLE KEYS */;
UNLOCK TABLES;

--
-- Table structure for table `queues`
--

DROP TABLE IF EXISTS `queues`;
/*!40101 SET @saved_cs_client     = @@character_set_client */;
/*!50503 SET character_set_client = utf8mb4 */;
CREATE TABLE `queues` (
  `queue_id` int unsigned NOT NULL AUTO_INCREMENT,
  PRIMARY KEY (`queue_id`)
) ENGINE=InnoDB DEFAULT CHARSET=utf8mb4 COLLATE=utf8mb4_0900_ai_ci;
/*!40101 SET character_set_client = @saved_cs_client */;

--
-- Dumping data for table `queues`
--

LOCK TABLES `queues` WRITE;
/*!40000 ALTER TABLE `queues` DISABLE KEYS */;
/*!40000 ALTER TABLE `queues` ENABLE KEYS */;
UNLOCK TABLES;

--
-- Table structure for table `similar_artists`
--

DROP TABLE IF EXISTS `similar_artists`;
/*!40101 SET @saved_cs_client     = @@character_set_client */;
/*!50503 SET character_set_client = utf8mb4 */;
CREATE TABLE `similar_artists` (
  `artists_id` int unsigned NOT NULL,
  `similar_to_artists_id` int unsigned NOT NULL,
  PRIMARY KEY (`artists_id`,`similar_to_artists_id`),
  KEY `fk_similar_artists_artists1_idx` (`artists_id`),
  KEY `fk_similar_artists_artists2_idx` (`similar_to_artists_id`),
  CONSTRAINT `fk_similar_artists_artists1` FOREIGN KEY (`artists_id`) REFERENCES `artists` (`artist_id`),
  CONSTRAINT `fk_similar_artists_artists2` FOREIGN KEY (`similar_to_artists_id`) REFERENCES `artists` (`artist_id`)
) ENGINE=InnoDB DEFAULT CHARSET=utf8mb4 COLLATE=utf8mb4_0900_ai_ci;
/*!40101 SET character_set_client = @saved_cs_client */;

--
-- Dumping data for table `similar_artists`
--

LOCK TABLES `similar_artists` WRITE;
/*!40000 ALTER TABLE `similar_artists` DISABLE KEYS */;
/*!40000 ALTER TABLE `similar_artists` ENABLE KEYS */;
UNLOCK TABLES;

--
-- Table structure for table `tracks`
--

DROP TABLE IF EXISTS `tracks`;
/*!40101 SET @saved_cs_client     = @@character_set_client */;
/*!50503 SET character_set_client = utf8mb4 */;
CREATE TABLE `tracks` (
  `track_id` int unsigned NOT NULL AUTO_INCREMENT,
  `title` varchar(500) NOT NULL,
  `duration` int NOT NULL,
  `album_id` int unsigned NOT NULL,
  PRIMARY KEY (`track_id`),
  KEY `fk_tracks_albums1_idx` (`album_id`),
  CONSTRAINT `fk_tracks_albums1` FOREIGN KEY (`album_id`) REFERENCES `albums` (`album_id`)
) ENGINE=InnoDB AUTO_INCREMENT=161 DEFAULT CHARSET=utf8mb4 COLLATE=utf8mb4_0900_ai_ci;
/*!40101 SET character_set_client = @saved_cs_client */;

--
-- Dumping data for table `tracks`
--

LOCK TABLES `tracks` WRITE;
/*!40000 ALTER TABLE `tracks` DISABLE KEYS */;
INSERT INTO `tracks` VALUES (1,'L’Amour Toujours / Blue (Da Ba Dee)',176,1),(2,'Nincompoop',145,2),(3,'My Love John',226,2),(4,'Finger in the Pie',189,2),(5,'Molly Malone',113,2),(6,'If I Could Be the Pope',220,2),(7,'Kind and Fine',158,2),(8,'Loch Lomond',206,2),(9,'Parasite\'s Lust',244,2),(10,'The Child of Fire',173,2),(11,'Devil\'s Dance Floor',231,3),(12,'Donegal Danny',149,2),(13,'I Am Who I Am',214,2),(14,'High and Low',248,2),(15,'Dirty Julie',182,2),(16,'Johnny I Hardly Knew Ye',158,4),(17,'Reggel van!',183,5),(18,'Borfohasz',167,5),(19,'Kek volt az egbolt',180,5),(20,'Igyunk palinkat!',162,5),(21,'27 D\'Abril de 2012 (Tribut a Pep Guardiola)',191,6),(22,'Entendre el Mon',207,6),(23,'Un Passeig Pel Parc',163,6),(24,'Se\'ns Ha Fet Tard',192,6),(25,'T\'he Trobat a Faltar',157,6),(26,'En un Pais Llunya',217,6),(27,'Tot el Que No Ens Hem Dit',253,6),(28,'Ja No Ets Per Mi',188,6),(29,'Cant Gregoria',219,6),(30,'Potser la por No Et Porti Enlloc',188,6),(31,'Focimese',194,7),(32,'Into the Night',155,4),(33,'Flowers',223,4),(34,'Hozz egy firkin sort',177,5),(35,'Bucsupohar',287,5),(36,'Jo',200,5),(37,'A jo eg megald',197,5),(38,'Si No Hi Ets Tu',283,8),(39,'Hetedhet szekely',263,5),(40,'Emma',274,8),(41,'Le Carnaval des animaux, \'Carnival of the Animals\'',173,9),(42,'Samson and Delilah',271,10),(43,'Le carnaval des animaux: VII. Aquarium',150,11),(44,'Le carnaval des animaux, R. 125',169,12),(45,'Le Carnaval des Animaux',49,13),(46,'Danse macabre, Op.40',426,12),(47,'Карнавал животных: VII. Аквариум',125,14),(48,'Danse macabre, Op. 40',561,15),(49,'Introduction et Marche royale du Lion',143,13),(50,'Пляска смерти, соч. 40',417,16),(51,'Le Carnaval des animaux, R. 125: XIII. Le cygne',171,17),(52,'Dance Macabre',437,18),(53,'Карнавал животных: XIII. Лебедь',170,14),(54,'Карнавал животных: I. Вступление и Королевский марш льва',139,14),(55,'Лебедь',163,19),(56,'Le carnaval des animaux, R. 125: VII. Aquarium',160,20),(57,'The Carnival of the Animals: XIII. The Swan',184,21),(58,'Карнавал животных: II. Куры и петухи',59,14),(59,'Карнавал животных: III. Антилопы',39,14),(60,'Карнавал животных: V. Слон',67,14),(61,'Карнавал животных: IV. Черепахи',98,14),(62,'Карнавал животных: VI. Кенгуру',55,14),(63,'Карнавал животных: VIII. Персонажи с длинными ушами',44,14),(64,'Аквариум',152,22),(65,'Карнавал животных: IX. Кукушка в глубине леса',114,14),(66,'Карнавал животных: XII. Ископаемые',95,14),(67,'Карнавал животных: X. Птичник',80,14),(68,'Карнавал животных: XIV. Финал',120,14),(69,'Карнавал животных: XI. Пианисты',95,14),(70,'Le Carnaval des Animaux (The Carnival of the Animals): XIII. Le Cygne (The Swan)',163,23),(71,'Samson et Dalila / Act 2',375,24),(72,'Samson et Dalila: Mon coeur s\'ouvre a ta voix.',321,25),(73,'Danse macabre, Op. 40, R. 171',411,26),(74,'Le carnaval des animaux: XIII. Le cygne',162,11),(75,'Rondo capriccioso',140,27),(76,'Интродукция и рондо каприччиозо, соч. 28',512,28),(77,'Introduction Et Rondo Capriccioso, Op. 28',578,29),(78,'Dance Macabre Opus 40',141,30),(79,'Danse Macabre',723,31),(80,'Le carnaval des animaux: XII. Fossiles',83,11),(81,'Вершина',127,32),(82,'Тот, который не стрелял',165,32),(83,'7',151,33),(84,'Песенка о переселении душ',127,33),(85,'Кругом пятьсот',160,32),(86,'Здесь лапы у елей дрожат на ветру',199,33),(87,'Песня о сумашедшем доме',126,34),(88,'Утренняя гимнастика',186,33),(89,'Вариации на цыганскую тему / Цыганочка',268,33),(90,'Баллада о книжных детях',205,35),(91,'Их восемь нас двое',157,36),(92,'Я не люблю',123,32),(93,'Скалолазка',163,33),(94,'Рядовой Борисов…',166,37),(95,'Koni priveredlivye',335,38),(96,'Песня о нейтральной полосе',136,34),(97,'Дом хрустальный',148,33),(98,'Песня о друге',162,39),(99,'Корабли',174,33),(100,'Дорожная история',172,34),(101,'Охота на волков',177,32),(102,'Жираф',109,32),(103,'Тот, кто раньше с нею был',176,32),(104,'Она была в Париже',107,33),(105,'Большой Каретный',76,32),(106,'Баллада о детстве (Час зачатья я помню не точно)',329,40),(107,'Ещё не вечер',163,33),(108,'Письмо в редакцию',290,41),(109,'Диалог у телевизора',201,32),(110,'Москва – Одесса',180,33),(111,'Ноль семь',149,42),(112,'Песня попугая',51,43),(113,'Песня о добре и зле в странной стране',62,43),(114,'Песня Чеширского Кота',71,43),(115,'Баллада об уходе в рай',194,32),(116,'Банька по-белому',495,44),(117,'Песня антиподов',95,43),(118,'Письмо в редакцию телевизионной передачи «Очевидное-невероятное» из сумасшедшего дома – с Канатчиковой дачи',282,32),(119,'Ошибка вышла',325,34),(120,'Як-истребитель',224,40),(121,'Ain\'t Nobody\'s Business',549,45),(122,'Heart of Glass',417,45),(123,'Blues for Hubert Sumlin',510,45),(124,'Blues for Celie',571,45),(125,'Feets Out in the Hallway',394,46),(126,'Equinox',492,45),(127,'Tops Boogie Woogie',220,47),(128,'Ronnie\'s Blues',342,47),(129,'Yonders Wall',292,47),(130,'Kansas City Monarch',460,48),(131,'Elegy for a Bluesman',340,49),(132,'Mannish Boy',301,50),(133,'Miracle',277,45),(134,'Pastorale',366,45),(135,'Vernice\'s Boogie',211,45),(136,'Sinners Prayer',448,46),(137,'Please Don\'t Light the Flame',287,46),(138,'Eye to Eye',305,47),(139,'Kismet',378,49),(140,'The Big Train',326,45),(141,'Think',200,46),(142,'The Glass',374,51),(143,'I Count the Days You\'re Gone',212,46),(144,'Blues for David Maxwell',504,49),(145,'I\'d Rather Go Blind',368,45),(146,'Rush Hour',188,45),(147,'Kidney Stew',306,47),(148,'Jukein\'',285,45),(149,'Robert Nighthawk Stomp',231,45),(150,'Wayne\'s Blues',334,52),(151,'How Long',432,47),(152,'Don\'t Know Why',247,46),(153,'I Want To Shout About It',226,53),(154,'Wolf Song',296,54),(155,'Peace Of Mind',303,54),(156,'No Use Crying',289,52),(157,'One Woman Man',207,55),(158,'Blues With A Feeling',322,54),(159,'TBone Stomp',186,54),(160,'Can\'t Keep From Crying',220,52);
/*!40000 ALTER TABLE `tracks` ENABLE KEYS */;
UNLOCK TABLES;

--
-- Table structure for table `tracks_artists`
--

DROP TABLE IF EXISTS `tracks_artists`;
/*!40101 SET @saved_cs_client     = @@character_set_client */;
/*!50503 SET character_set_client = utf8mb4 */;
CREATE TABLE `tracks_artists` (
  `track_id` int unsigned NOT NULL,
  `artist_id` int unsigned NOT NULL,
  PRIMARY KEY (`track_id`,`artist_id`),
  KEY `fk_artists_tracks_artist1_idx` (`artist_id`) /*!80000 INVISIBLE */,
  KEY `fk_artists_tracks_track1_idx` (`track_id`),
  CONSTRAINT `fk_artists_tracks_artist1` FOREIGN KEY (`artist_id`) REFERENCES `artists` (`artist_id`) ON DELETE CASCADE ON UPDATE CASCADE,
  CONSTRAINT `fk_artists_tracks_track1` FOREIGN KEY (`track_id`) REFERENCES `tracks` (`track_id`) ON DELETE CASCADE ON UPDATE CASCADE
) ENGINE=InnoDB DEFAULT CHARSET=utf8mb4 COLLATE=utf8mb4_0900_ai_ci COMMENT='Таблица связей трек - исполнитель.';
/*!40101 SET character_set_client = @saved_cs_client */;

--
-- Dumping data for table `tracks_artists`
--

LOCK TABLES `tracks_artists` WRITE;
/*!40000 ALTER TABLE `tracks_artists` DISABLE KEYS */;
INSERT INTO `tracks_artists` VALUES (1,1),(2,1),(3,1),(4,1),(5,1),(6,1),(7,1),(8,1),(9,1),(10,1),(11,1),(12,1),(13,1),(14,1),(15,1),(16,1),(17,1),(18,1),(19,1),(20,1),(21,1),(22,1),(23,1),(24,1),(25,1),(26,1),(27,1),(28,1),(29,1),(30,1),(31,1),(32,1),(33,1),(34,1),(35,1),(36,1),(37,1),(38,1),(39,1),(40,1),(41,2),(42,2),(43,2),(44,2),(45,2),(46,2),(47,2),(48,2),(49,2),(50,2),(51,2),(52,2),(53,2),(54,2),(55,2),(56,2),(57,2),(58,2),(59,2),(60,2),(61,2),(62,2),(63,2),(64,2),(65,2),(66,2),(67,2),(68,2),(69,2),(70,2),(71,2),(72,2),(73,2),(74,2),(75,2),(76,2),(77,2),(78,2),(79,2),(80,2),(81,3),(82,3),(83,3),(84,3),(85,3),(86,3),(87,3),(88,3),(89,3),(90,3),(91,3),(92,3),(93,3),(94,3),(95,3),(96,3),(97,3),(98,3),(99,3),(100,3),(101,3),(102,3),(103,3),(104,3),(105,3),(106,3),(107,3),(108,3),(109,3),(110,3),(111,3),(112,3),(113,3),(114,3),(115,3),(116,3),(117,3),(118,3),(119,3),(120,3),(121,4),(122,4),(123,4),(124,4),(125,4),(126,4),(127,4),(128,4),(129,4),(130,4),(131,4),(132,4),(133,4),(134,4),(135,4),(136,4),(137,4),(138,4),(139,4),(140,4),(141,4),(142,4),(143,4),(144,4),(145,4),(146,4),(147,4),(148,4),(149,4),(150,4),(151,4),(152,4),(153,4),(154,4),(155,4),(156,4),(157,4),(158,4),(159,4),(160,4);
/*!40000 ALTER TABLE `tracks_artists` ENABLE KEYS */;
UNLOCK TABLES;

--
-- Table structure for table `tracks_genres`
--

DROP TABLE IF EXISTS `tracks_genres`;
/*!40101 SET @saved_cs_client     = @@character_set_client */;
/*!50503 SET character_set_client = utf8mb4 */;
CREATE TABLE `tracks_genres` (
  `track_id` int unsigned NOT NULL,
  `genre_id` int unsigned NOT NULL,
  PRIMARY KEY (`track_id`,`genre_id`),
  KEY `fk_tracks_genres_tracks1_idx` (`track_id`),
  KEY `fk_tracks_genres_genres1_idx` (`genre_id`),
  CONSTRAINT `fk_tracks_genres_genres1` FOREIGN KEY (`genre_id`) REFERENCES `genres` (`genre_id`),
  CONSTRAINT `fk_tracks_genres_tracks1` FOREIGN KEY (`track_id`) REFERENCES `tracks` (`track_id`)
) ENGINE=InnoDB DEFAULT CHARSET=utf8mb4 COLLATE=utf8mb4_0900_ai_ci;
/*!40101 SET character_set_client = @saved_cs_client */;

--
-- Dumping data for table `tracks_genres`
--

LOCK TABLES `tracks_genres` WRITE;
/*!40000 ALTER TABLE `tracks_genres` DISABLE KEYS */;
INSERT INTO `tracks_genres` VALUES (1,6),(2,6),(3,6),(4,6),(5,6),(6,6),(7,6),(8,6),(9,6),(10,6),(11,6),(12,6),(13,6),(14,6),(15,6),(16,6),(17,6),(18,6),(19,6),(20,6),(21,6),(22,6),(23,6),(24,6),(25,6),(26,6),(27,6),(28,6),(29,6),(30,6),(31,6),(32,6),(33,6),(34,6),(35,6),(36,6),(37,6),(38,6),(39,6),(40,6),(41,1),(42,1),(43,1),(44,1),(45,1),(46,1),(47,1),(48,1),(49,1),(50,1),(51,1),(52,1),(53,1),(54,1),(55,1),(56,1),(57,1),(58,1),(59,1),(60,1),(61,1),(62,1),(63,1),(64,1),(65,1),(66,1),(67,1),(68,1),(69,1),(70,1),(71,1),(72,1),(73,1),(74,1),(75,1),(76,1),(77,1),(78,1),(79,1),(80,1),(81,5),(82,5),(83,5),(84,5),(85,5),(86,5),(87,5),(88,5),(89,5),(90,5),(91,5),(92,5),(93,5),(94,5),(95,5),(96,5),(97,5),(98,5),(99,5),(100,5),(101,5),(102,5),(103,5),(104,5),(105,5),(106,5),(107,5),(108,5),(109,5),(110,5),(111,5),(112,5),(113,5),(114,5),(115,5),(116,5),(117,5),(118,5),(119,5),(120,5),(121,2),(122,2),(123,2),(124,2),(125,2),(126,2),(127,2),(128,2),(129,2),(130,2),(131,2),(132,2),(133,2),(134,2),(135,2),(136,2),(137,2),(138,2),(139,2),(140,2),(141,2),(142,2),(143,2),(144,2),(145,2),(146,2),(147,2),(148,2),(149,2),(150,2),(151,2),(152,2),(153,2),(154,2),(155,2),(156,2),(157,2),(158,2),(159,2),(160,2);
/*!40000 ALTER TABLE `tracks_genres` ENABLE KEYS */;
UNLOCK TABLES;

--
-- Table structure for table `users`
--

DROP TABLE IF EXISTS `users`;
/*!40101 SET @saved_cs_client     = @@character_set_client */;
/*!50503 SET character_set_client = utf8mb4 */;
CREATE TABLE `users` (
  `user_id` int unsigned NOT NULL AUTO_INCREMENT,
  `email` varchar(45) NOT NULL,
  `password_hash` char(64) DEFAULT NULL,
  PRIMARY KEY (`user_id`),
  UNIQUE KEY `email_UNIQUE` (`email`)
) ENGINE=InnoDB AUTO_INCREMENT=101 DEFAULT CHARSET=utf8mb4 COLLATE=utf8mb4_0900_ai_ci;
/*!40101 SET character_set_client = @saved_cs_client */;

--
-- Dumping data for table `users`
--

LOCK TABLES `users` WRITE;
/*!40000 ALTER TABLE `users` DISABLE KEYS */;
INSERT INTO `users` VALUES (1,'Anastasiya_Davydova@gmail.com','b370a75ff420456efc469a32f7f5bf8c6c3cde54'),(2,'Anastasiya_Bykova@inbox.ru','57288a64906d54b6a35719f08bd85bcabe3f8770'),(3,'Ekaterina_Nikolaeva@inbox.ru','0c058aee42bf787d41f3d9ef44b08974c704ad39'),(4,'Anastasiya_Komarova@inbox.ru','3472a88f873a27afcd910ee0379a6e2cf2654baa'),(5,'Polina_Titova@inbox.ru','798f3a0ec3c62d5f3bc92ce0df32462256296405'),(6,'Daryya_Grigoryeva@mail.ru','25ddf34d52af8653dc3ca8cd3414105eaed463c7'),(7,'Aleksandra_Bykova@gmail.com','f9e9264b55796a6a257734247ad7be1b45c3593a'),(8,'Viktoriya_Andreeva@list.ru','6f6f53bbe732a5d7f72183c159e6fbe8775cfbd2'),(9,'Mariya_Timofeeva@inbox.ru','dbfb2fa06104f9458bf32ff0bad0da66947d3657'),(10,'Anastasiya_Pavlova@inbox.ru','c7329b135aee8eb3b7c15eb7b5a522feb49801da'),(11,'Sofyya_Morozova@inbox.ru','5e6bd9926841d3ca421c9fa29f196c20472f83cb'),(12,'Viktoriya_Sokolova@mail.ru','8f4765733ce6b6944b4bc79436ed865b0a239b1d'),(13,'Sofyya_Sidorova@mail.ru','386bf28d56afec4259a7ea987751bbba07308320'),(14,'Elizaveta_Voronina@yandex.ru','ae8342c5e7bf45d01558e885a4ce27a5e34c3661'),(15,'Aleksandra_Bykova@yandex.ru','9902d8cc83c8e558434070a40baca2b93cbb4d48'),(16,'Aleksandra_Frolova@list.ru','04ac299137fb7b8eafbfee0f53a2d2ae250f027a'),(17,'Anastasiya_Golubeva@mail.ru','72ce8d1fbf5c9134cfe0dc33d829f9c5191fe9b5'),(18,'Aleksandra_Maksimova@inbox.ru','d4bfa4120da5b5f47beafd935799cfd82dbb62ad'),(19,'Sofyya_Semenova@list.ru','a6a9465e88ee4238f24ae38128e316a23ff88e69'),(20,'Viktoriya_Aleksandrova@yandex.ru','9381ed50400d522091e6e6552a315bcda685ff96'),(21,'Daryya_Lebedeva@gmail.com','9183b31197d3bb2e67ffa5106b9faa022b928c51'),(22,'Ekaterina_Frolova@list.ru','6762bbd940d93ee815b482819ba42b3c07fca549'),(23,'Anna_Medvedeva@gmail.com','9acae4568bbd938c20bf3458349b21a73c5c8088'),(24,'Polina_Fedotova@inbox.ru','afa13d8dadfd7a20ff5c14c4be7680e6c22d8aba'),(25,'Polina_Kuznecova@inbox.ru','81f98f56141edc23ee4bca566f26af4993e9c51e'),(26,'Sofyya_Gerasimova@yandex.ru','74e67cca69805314ad5c0e25f5f509ce61e1bc15'),(27,'Polina_Vinogradova@list.ru','55b325550afb64e3c87d0ba747b35ecc85a13f5f'),(28,'Polina_Kuznecova@gmail.com','2057597acaea3a9e479179e6d64f0facd90c271c'),(29,'Polina_Bogdanova@inbox.ru','673ea50c9e7c0e569dcbb0b58d9f08f11ff8976c'),(30,'Ekaterina_Afanasyeva@gmail.com','15117807dd0dadbc0a8fe870a4a0ff05da8e4a80'),(31,'Ekaterina_Medvedeva@yandex.ru','4686fe9a513ade745d02f10e450192d910ccf135'),(32,'Daryya_Kazakova@inbox.ru','c3433e9f8a4b627a3f4888f5352975fd204c5b2b'),(33,'Ekaterina_Ivanova@yandex.ru','aa71a4476e3c78b969f56bb21a45f226ce027d84'),(34,'Aleksandra_Borisova@yandex.ru','e6b47b1c47ca4171aa26b965eb793943deb8ec53'),(35,'Daryya_Fedotova@yandex.ru','456f301d298924c7f72525280e127e15ced8bfe1'),(36,'Viktoriya_Fedotova@list.ru','e80d2d831e5b36d83d60f6ca9778dd1fce2b0239'),(37,'Elizaveta_Abramova@inbox.ru','40eea9ce474d00f3cababab9ed8f2ac156083d8b'),(38,'Aleksandra_Klimova@inbox.ru','c51a9de5521de72cc17fee706e6975fa6e3edb67'),(39,'Mariya_Sergeeva@gmail.com','f8e782dc25061c4d758fe9baf122861bd6810c1c'),(40,'Aleksandra_Lebedeva@mail.ru','15335ca143be6de600d97bf41c7a2ef28fddf704'),(41,'Daryya_Sidorova@inbox.ru','c20e65de7c33fac9a63a012f7837ba468ad5c3d3'),(42,'Polina_Karpova@mail.ru','c16182da315697b09b113478bf3db835f706f412'),(43,'Ekaterina_Krylova@list.ru','c11a7431d517511956d8086b9d0867dc5b1c95f7'),(44,'Anna_Denisova@list.ru','1692cd4bd4b0d92bd6315d29a45db5366cea88f7'),(45,'Mariya_Kudryavceva@mail.ru','70bf6b8e1ff3fc922dc8b25ec72ec9b8aaa08fd7'),(46,'Anastasiya_Timofeeva@gmail.com','83d38102f618250bf279647a39c024227b6e84e9'),(47,'Anna_Ilyina@gmail.com','c34a45010473372ccd9c51f412fff2e9589992d3'),(48,'Anna_Egorova@mail.ru','4942b9ff8d6ff71364fead06a9c553d1d8c84be1'),(49,'Aleksandra_Vlasova@inbox.ru','e922e9e22f6a6983d5119ee437e60b80d48abccb'),(50,'Mariya_Fedotova@inbox.ru','b0a2bbb6b158d6c5a9cb7a1c34a0e89b5f8dc6d5'),(51,'Nikita_Fedotov@yandex.ru','ca726142fee3172cb78cd9d8ea4a31150a8dc4be'),(52,'Ivan_Denisov@yandex.ru','febec0e7dd1f103b31a25383fe65f10be35e3b5c'),(53,'Aleksandr_Egorov@inbox.ru','6843bfbb4784b2ea7b963b2d4d4befb246ab93d2'),(54,'Artem_Kuzymin@inbox.ru','6564b0232bca7b4077c34a110f9af9632a9938c7'),(55,'Egor_Kalinin@list.ru','a94fb8a25f0c84e91d92cb353302f52ba02c4787'),(56,'Dmitrij_Popov@list.ru','33f988ebbca6601036b3220c54576b15ace31d7f'),(57,'Artem_Karpov@yandex.ru','18e9905d29f79b49e677ca2792aa17acafa8dc84'),(58,'Maksim_Korolev@inbox.ru','4a0765d4745d6b74176a44c55825c28148f455f2'),(59,'Artem_Semenov@mail.ru','222cf16284f2acfaa7456527e95f88b7dddada8f'),(60,'Andrej_Medvedev@mail.ru','d78579492ec0a243bce8f4d612d34e0d3d46bb79'),(61,'Aleksandr_Rodionov@inbox.ru','86f4232b5d1b7598dd851ac0982b240b35068553'),(62,'Maksim_Gerasimov@yandex.ru','7657d7a1f65744a1df927d29a25bd9e8bc87eadb'),(63,'Egor_Zajcev@yandex.ru','34a1e81c49404f6ec79a33e0de1be9930b082199'),(64,'Maksim_Filatov@gmail.com','34cf29aba72f307d688cccd2106a443f42ca912f'),(65,'Nikita_Timofeev@gmail.com','937908a8bae263af9167b9ea81fe51caa578945c'),(66,'Andrej_Zaharov@inbox.ru','6b9487b0e2673f7383065a78c6c32329216de431'),(67,'Mihail_Romanov@yandex.ru','814443d6f41caaf63854708f6b670203fbcd32c9'),(68,'Daniil_Konovalov@yandex.ru','63614d53405524428e16a641302d1f97235dc32f'),(69,'Nikita_Stepanov@list.ru','fed4b09c77488b6591f3929dee961c905426ed05'),(70,'Daniil_Semenov@gmail.com','e54582ff6122eba86f879d9fdf99682d5aa3d45f'),(71,'Artem_Nikitin@mail.ru','b5e6ce926ec3de454aa49615287add2738792a6d'),(72,'Ivan_Filatov@list.ru','a83ae992a8069e317f4a6d79443a54d28ecc0b54'),(73,'Aleksandr_Ivanov@list.ru','4cf641c337b527f7d2242f6e1a2457426531303c'),(74,'Aleksandr_Kovalev@gmail.com','46e376b3e69cb7370f5f378e809201eb6606f777'),(75,'Egor_Zhukov@gmail.com','5ca78bdf3e3e857dc3512938c9e51502c78b686c'),(76,'Maksim_Zhukov@gmail.com','c16912f03157d643f59b088d39d47618c8191808'),(77,'Nikita_Aleksandrov@gmail.com','ea92a70139ab907c4637b99d44cccfb0acf04bcd'),(78,'Ivan_Dmitriev@mail.ru','77d8b48e1d5cc3b57d4c55764fb04e3e8576e617'),(79,'Andrej_Golubev@gmail.com','9bc21c7371eca55cd366794259262fb3f258f23a'),(80,'Artem_Maksimov@list.ru','ca0efac7b648b5e227e8c265374b1541aa517257'),(81,'Daniil_Afanasyev@list.ru','27fbb38176ed5098a82c48c63f83ff19e4389bc6'),(82,'Egor_Romanov@yandex.ru','64b9b828668dff2be458f02a3f62b9da79288898'),(83,'Artem_Grigoryev@mail.ru','01975d9111f558ba1d7e303e77b20aa8c2ab0d81'),(84,'Ivan_Vasilyev@gmail.com','179fa4398e1f57176e5c10a7dfc739a3295fe4b7'),(85,'Egor_Karpov@inbox.ru','695bc6ef89daf0635476d648811c3b91085f5ed1'),(86,'Nikita_Nazarov@mail.ru','2909726a1c95ad4d3ebfdb5bfd64fab76c0f5367'),(87,'Mihail_Komarov@mail.ru','c72ad2999ce70d243f6a8a2a16e6bf5d9bbcbf7d'),(88,'Aleksandr_Denisov@gmail.com','50a3ff85e803283cf23fbc6f32f78a46dafc1956'),(89,'Artem_Ilyin@mail.ru','c4c96edb1b23eadbb23ac1e97553a2b26f450e36'),(90,'Nikita_Kuznecov@mail.ru','f9cc459c0c4c6748c80ca9909e6e17bc4c5a1f76'),(91,'Ivan_Pavlov@gmail.com','6da0f71eda6661c8b0c7c347c8f30fae91dd9c76'),(92,'Daniil_Zhukov@inbox.ru','3545ee63c3023fb74ecf5179902cad94d51b138c'),(93,'Ivan_Nazarov@mail.ru','e662d9996de7d9ead707244c2d611c470c260ed1'),(94,'Aleksandr_Gavrilov@yandex.ru','4be42081c22a085e41398bf5f111ea38c7d8c40f'),(95,'Andrej_Orlov@mail.ru','04282a3dd49cebac61ce54253371710346d1b41e'),(96,'Maksim_Vasilyev@inbox.ru','b5cc60da8b1a6454c59e530d771374c7d594ff2f'),(97,'Ivan_Belyaev@gmail.com','b480e6f10d88d7fc10fead4798551e3215e0e351'),(98,'Daniil_Prohorov@mail.ru','2d9705bc37023be8f4050717b28548da9aaa60ce'),(99,'Artem_Gavrilov@gmail.com','172d7b9b356d625e5d47ef4631605df3e1984105'),(100,'Daniil_Konovalov@list.ru','df0d19a280d3507289ff18162a356f3a50fb8e98');
/*!40000 ALTER TABLE `users` ENABLE KEYS */;
UNLOCK TABLES;

--
-- Temporary view structure for view `view_track_info`
--

DROP TABLE IF EXISTS `view_track_info`;
/*!50001 DROP VIEW IF EXISTS `view_track_info`*/;
SET @saved_cs_client     = @@character_set_client;
/*!50503 SET character_set_client = utf8mb4 */;
/*!50001 CREATE VIEW `view_track_info` AS SELECT 
 1 AS `track_id`,
 1 AS `title`,
 1 AS `artist`,
 1 AS `album`,
 1 AS `amount_this_year`,
 1 AS `amount_previous_year`,
 1 AS `year_amount_delta`*/;
SET character_set_client = @saved_cs_client;

--
-- Temporary view structure for view `view_user_stats`
--

DROP TABLE IF EXISTS `view_user_stats`;
/*!50001 DROP VIEW IF EXISTS `view_user_stats`*/;
SET @saved_cs_client     = @@character_set_client;
/*!50503 SET character_set_client = utf8mb4 */;
/*!50001 CREATE VIEW `view_user_stats` AS SELECT 
 1 AS `user_id`,
 1 AS `full_name`,
 1 AS `gender_rus`,
 1 AS `days_on_service`,
 1 AS `hearings_amount_total`,
 1 AS `hearings_amount_last_year`,
 1 AS `playlists_amount`*/;
SET character_set_client = @saved_cs_client;

--
-- Dumping routines for database 'music'
--
/*!50003 DROP PROCEDURE IF EXISTS `recommend_N_tracks_for_user` */;
/*!50003 SET @saved_cs_client      = @@character_set_client */ ;
/*!50003 SET @saved_cs_results     = @@character_set_results */ ;
/*!50003 SET @saved_col_connection = @@collation_connection */ ;
/*!50003 SET character_set_client  = utf8mb4 */ ;
/*!50003 SET character_set_results = utf8mb4 */ ;
/*!50003 SET collation_connection  = utf8mb4_0900_ai_ci */ ;
/*!50003 SET @saved_sql_mode       = @@sql_mode */ ;
/*!50003 SET sql_mode              = 'STRICT_TRANS_TABLES,NO_ENGINE_SUBSTITUTION' */ ;
DELIMITER ;;
CREATE DEFINER=`root`@`localhost` PROCEDURE `recommend_N_tracks_for_user`(for_user_id INT, amount INT)
BEGIN
	SELECT track_id 
		FROM tracks_genres
		WHERE genre_id IN (
			SELECT genre_id 
				FROM tracks_genres
				WHERE track_id IN (
					SELECT track_id
						FROM playlists_tracks
						WHERE playlist_id IN 
							(SELECT playlist_id
								FROM playlists
								WHERE users_id = for_user_id)
					UNION
					SELECT track_id
						FROM history
						WHERE user_id = for_user_id
					ORDER BY rand()
				)
		)
		ORDER BY rand()
	LIMIT amount;
END ;;
DELIMITER ;
/*!50003 SET sql_mode              = @saved_sql_mode */ ;
/*!50003 SET character_set_client  = @saved_cs_client */ ;
/*!50003 SET character_set_results = @saved_cs_results */ ;
/*!50003 SET collation_connection  = @saved_col_connection */ ;

--
-- Final view structure for view `view_track_info`
--

/*!50001 DROP VIEW IF EXISTS `view_track_info`*/;
/*!50001 SET @saved_cs_client          = @@character_set_client */;
/*!50001 SET @saved_cs_results         = @@character_set_results */;
/*!50001 SET @saved_col_connection     = @@collation_connection */;
/*!50001 SET character_set_client      = utf8mb4 */;
/*!50001 SET character_set_results     = utf8mb4 */;
/*!50001 SET collation_connection      = utf8mb4_0900_ai_ci */;
/*!50001 CREATE ALGORITHM=UNDEFINED */
/*!50013 DEFINER=`root`@`localhost` SQL SECURITY DEFINER */
/*!50001 VIEW `view_track_info` AS select `t`.`track_id` AS `track_id`,`t`.`title` AS `title`,(select `art`.`name` from `artists` `art` where `art`.`artist_id` in (select `ta`.`artist_id` from `tracks_artists` `ta` where (`ta`.`track_id` = `t`.`track_id`))) AS `artist`,`a`.`title` AS `album`,(select count(0) from `history` `h` where ((timestampdiff(YEAR,`h`.`heared_at`,(select max(`history`.`heared_at`) from `history`)) <= 1) and (`h`.`track_id` = `t`.`track_id`))) AS `amount_this_year`,(select count(0) from `history` `h` where ((timestampdiff(YEAR,`h`.`heared_at`,(select max(`history`.`heared_at`) from `history`)) between 1 and 2) and (`h`.`track_id` = `t`.`track_id`))) AS `amount_previous_year`,(select (`amount_this_year` - `amount_previous_year`)) AS `year_amount_delta` from (`tracks` `t` join `albums` `a` on((`t`.`album_id` = `a`.`album_id`))) order by `t`.`track_id` */;
/*!50001 SET character_set_client      = @saved_cs_client */;
/*!50001 SET character_set_results     = @saved_cs_results */;
/*!50001 SET collation_connection      = @saved_col_connection */;

--
-- Final view structure for view `view_user_stats`
--

/*!50001 DROP VIEW IF EXISTS `view_user_stats`*/;
/*!50001 SET @saved_cs_client          = @@character_set_client */;
/*!50001 SET @saved_cs_results         = @@character_set_results */;
/*!50001 SET @saved_col_connection     = @@collation_connection */;
/*!50001 SET character_set_client      = utf8mb4 */;
/*!50001 SET character_set_results     = utf8mb4 */;
/*!50001 SET collation_connection      = utf8mb4_0900_ai_ci */;
/*!50001 CREATE ALGORITHM=UNDEFINED */
/*!50013 DEFINER=`root`@`localhost` SQL SECURITY DEFINER */
/*!50001 VIEW `view_user_stats` AS select `p`.`user_id` AS `user_id`,concat(`p`.`first_name`,' ',`p`.`last_name`) AS `full_name`,if((`p`.`gender` = 'm'),'муж','жен') AS `gender_rus`,(to_days(now()) - to_days(min(`h`.`heared_at`))) AS `days_on_service`,count(`h`.`heared_at`) AS `hearings_amount_total`,if(((select count(0) from `history` where ((`history`.`heared_at` > (now() + interval -(1) year)) and (`history`.`user_id` = `p`.`user_id`)) group by `history`.`user_id`) > 0),(select count(0) from `history` where ((`history`.`heared_at` > (now() + interval -(1) year)) and (`history`.`user_id` = `p`.`user_id`)) group by `history`.`user_id`),0) AS `hearings_amount_last_year`,if(((select count(0) from `playlists` where (`playlists`.`users_id` = `p`.`user_id`) group by `playlists`.`users_id`) > 0),(select count(0) from `playlists` where (`playlists`.`users_id` = `p`.`user_id`) group by `playlists`.`users_id`),0) AS `playlists_amount` from (`profiles` `p` join `history` `h` on((`p`.`user_id` = `h`.`user_id`))) group by `h`.`user_id` order by `p`.`user_id` */;
/*!50001 SET character_set_client      = @saved_cs_client */;
/*!50001 SET character_set_results     = @saved_cs_results */;
/*!50001 SET collation_connection      = @saved_col_connection */;
/*!40103 SET TIME_ZONE=@OLD_TIME_ZONE */;

/*!40101 SET SQL_MODE=@OLD_SQL_MODE */;
/*!40014 SET FOREIGN_KEY_CHECKS=@OLD_FOREIGN_KEY_CHECKS */;
/*!40014 SET UNIQUE_CHECKS=@OLD_UNIQUE_CHECKS */;
/*!40101 SET CHARACTER_SET_CLIENT=@OLD_CHARACTER_SET_CLIENT */;
/*!40101 SET CHARACTER_SET_RESULTS=@OLD_CHARACTER_SET_RESULTS */;
/*!40101 SET COLLATION_CONNECTION=@OLD_COLLATION_CONNECTION */;
/*!40111 SET SQL_NOTES=@OLD_SQL_NOTES */;

-- Dump completed on 2021-04-04 19:23:05
